pid,pid_segment
2655,Head
16641,Head
2491,Head
7403,Head
16144,Head
3853,Head
1567,Head
1247,Head
11569,Head
1037,Head
1426,Head
1145,Head
1248,Head
4070,Head
12892,Head
4069,Head
15491,Head
7680,Head
17226,Head
14776,Head
3854,Head
18007,Head
9262,Head
4529,Head
7413,Head
2492,Head
17316,Head
4838,Head
20982,Head
1067,Head
10342,Head
21784,Head
13426,Head
8435,Head
8901,Head
3851,Head
3850,Head
4530,Head
9747,Head
3030,Head
4914,Head
5784,Head
3856,Head
10057,Head
4121,Head
5971,Head
13180,Head
9623,Head
17025,Head
8347,Head
4834,Head
12940,Head
14535,Head
4117,Head
16640,Head
19524,Head
21314,Head
4964,Head
2354,Head
9267,Head
7593,Head
11030,Head
9694,Head
894,Head
4616,Head
6178,Head
8314,Head
12716,Head
14087,Head
3254,Head
2803,Head
3231,Head
2731,Head
38,Head
16255,Head
12310,Head
20355,Head
15143,Head
4265,Head
17315,Head
3810,Head
16632,Head
11714,Head
13110,Head
6527,Head
2301,Head
16633,Head
4813,Head
6834,Head
2490,Head
4120,Head
8253,Head
1544,Head
4174,Head
15622,Head
441,Head
14922,Head
1264,Head
1146,Head
1722,Head
8977,Head
11625,Head
19744,Head
14286,Head
21291,Head
11241,Head
1213,Head
18438,Head
13994,Head
2810,Head
14677,Head
15113,Head
9513,Head
117,Head
715,Head
5567,Head
19400,Head
9677,Head
15926,Head
7979,Head
20912,Head
6083,Head
6134,Head
3190,Head
18858,Head
11437,Head
1537,Head
16335,Head
19318,Head
19566,Head
17538,Head
21888,Head
11716,Head
18223,Head
1951,Head
3268,Head
6039,Head
6436,Head
9626,Head
14218,Head
5134,Head
9403,Head
11535,Head
10508,Head
20911,Head
17558,Head
4932,Head
9533,Head
12863,Head
9259,Head
2426,Head
21049,Head
14210,Head
11743,Head
11894,Head
13956,Head
10262,Head
11297,Head
3978,Head
1723,Head
2154,Head
4209,Head
8237,Head
13432,Head
15660,Head
6909,Head
5738,Head
4531,Head
14534,Head
11859,Head
3328,Head
17900,Head
15367,Head
4252,Head
15690,Head
1231,Head
12522,Head
16323,Head
13598,Head
2967,Head
194,Head
11242,Head
6435,Head
19469,Head
8959,Head
7527,Head
10366,Head
2769,Head
3157,Head
6835,Head
12162,Head
6101,Head
2383,Head
1224,Head
14727,Head
4731,Head
20620,Head
5664,Head
20983,Head
15371,Head
3133,Head
4189,Head
18976,Head
21002,Head
5845,Head
9253,Head
14506,Head
17962,Head
3416,Head
8402,Head
17395,Head
17409,Head
3510,Head
19845,Head
11548,Head
15423,Head
1841,Head
15751,Head
440,Head
5701,Head
14704,Head
8942,Head
5665,Head
2246,Head
8828,Head
12545,Head
367,Head
2770,Head
13809,Head
370,Head
8142,Head
1836,Head
16178,Head
3272,Head
9696,Head
15014,Head
19767,Head
15854,Head
2089,Head
19795,Head
15275,Head
11458,Head
16577,Head
20100,Head
6434,Head
10211,Head
20407,Head
12512,Head
959,Head
1197,Head
7814,Head
21003,Head
658,Head
9600,Head
20005,Head
14953,Head
18567,Head
11718,Head
14613,Head
16573,Head
20330,Head
16435,Head
19022,Head
18329,Head
9733,Head
20004,Head
5453,Head
15749,Head
20498,Head
14064,Head
5337,Head
19800,Head
6734,Head
8829,Head
16795,Head
5993,Head
3210,Head
14239,Head
16441,Head
16129,Head
19768,Head
15391,Head
8740,Head
10077,Head
14528,Head
15326,Head
3969,Head
4815,Head
15928,Head
21030,Head
14487,Head
8941,Head
1642,Head
10761,Head
13386,Head
16256,Head
694,Head
1931,Head
16244,Head
5846,Head
21541,Head
3634,Head
721,Head
7950,Head
17264,Head
1967,Head
2056,Head
2147,Head
8377,Head
19955,Head
13376,Head
11832,Head
8496,Head
11553,Head
5736,Head
2753,Head
3305,Head
4678,Head
9252,Head
16651,Head
8446,Head
20537,Head
10022,Head
1555,Head
17270,Head
3142,Head
19323,Head
12642,Head
14929,Head
8378,Head
11933,Head
3520,Head
16576,Head
21179,Head
20354,Head
8652,Head
17032,Head
14413,Head
1564,Head
512,Head
13116,Head
10247,Head
20164,Head
10727,Head
4823,Head
3825,Head
20135,Head
15754,Head
17537,Head
5564,Head
9332,Head
21022,Head
8904,Head
9164,Head
20604,Head
8080,Head
19448,Head
11842,Head
13641,Head
14510,Head
7833,Head
19895,Head
2427,Head
17961,Head
3103,Head
8420,Head
10221,Head
16593,Head
1065,Head
20179,Head
6102,Head
15126,Head
14212,Head
17869,Head
11969,Head
6619,Head
18793,Head
1944,Head
17180,Head
7871,Head
6460,Head
18025,Head
8274,Head
5061,Head
7960,Head
9049,Head
22034,Head
7427,Head
21416,Head
9528,Head
10507,Head
10762,Head
11830,Head
1497,Head
5336,Head
10258,Head
2133,Head
11789,Head
20728,Head
934,Head
5394,Head
2985,Head
422,Head
18568,Head
19208,Head
3677,Head
9467,Head
15965,Head
18802,Head
568,Head
4006,Head
5517,Head
9480,Head
1479,Head
4722,Head
11484,Head
20858,Head
255,Head
4867,Head
7497,Head
21091,Head
3095,Head
8537,Head
2546,Head
19201,Head
19595,Head
20824,Head
8826,Head
11843,Head
17899,Head
16049,Head
16592,Head
842,Head
7395,Head
9457,Head
6890,Head
15425,Head
15099,Head
2872,Head
6500,Head
16707,Head
19324,Head
20006,Head
8499,Head
6014,Head
4684,Head
7611,Head
21645,Head
11563,Head
1958,Head
19436,Head
19550,Head
3635,Head
20930,Head
5837,Head
17168,Head
21010,Head
7538,Head
14511,Head
3274,Head
21647,Head
448,Head
941,Head
4629,Head
15429,Head
1976,Head
4580,Head
15885,Head
5847,Head
17770,Head
16719,Head
1969,Head
5973,Head
12380,Head
17024,Head
3749,Head
16090,Head
15,Head
8175,Head
21046,Head
3725,Head
8807,Head
832,Head
20538,Head
21177,Head
14713,Head
1576,Head
8406,Head
5749,Head
6128,Head
13810,Head
12552,Head
12734,Head
16500,Head
8692,Head
14001,Head
2218,Head
10871,Head
9624,Head
18806,Head
19663,Head
20375,Head
15327,Head
19934,Head
5228,Head
9050,Head
11644,Head
18799,Head
15037,Head
2374,Head
21292,Head
11443,Head
16304,Head
8111,Head
13714,Head
1730,Head
9063,Head
17366,Head
5705,Head
1183,Head
2510,Head
1838,Head
9119,Head
13312,Head
2240,Head
3544,Head
16376,Head
17290,Head
21244,Head
14518,Head
16634,Head
7495,Head
1182,Head
4662,Head
11756,Head
3659,Head
6930,Head
17206,Head
18558,Head
8746,Head
9228,Head
13816,Head
8864,Head
14972,Head
15244,Head
2593,Head
10965,Head
4526,Head
9263,Head
11647,Head
15585,Head
21031,Head
6710,Head
9352,Head
17289,Head
18092,Head
6162,Head
20716,Head
3519,Head
4900,Head
7578,Head
21434,Head
2571,Head
19640,Head
11952,Head
11246,Head
19957,Head
2384,Head
14160,Head
19284,Head
21599,Head
6760,Head
7730,Head
10290,Head
15845,Head
18610,Head
6159,Head
9438,Head
14010,Head
8744,Head
21631,Head
8254,Head
19431,Head
20147,Head
4175,Head
11745,Head
1688,Head
3826,Head
9068,Head
20507,Head
6735,Head
12013,Head
15217,Head
13686,Head
2082,Head
18583,Head
20647,Head
1644,Head
4674,Head
17342,Head
10034,Head
13495,Head
13913,Head
1796,Head
13879,Head
442,Head
12497,Head
7354,Head
13775,Head
18196,Head
20568,Head
1582,Head
3841,Head
15180,Head
16606,Head
3404,Head
15752,Head
21491,Head
9209,Head
11342,Head
13907,Head
15859,Head
18575,Head
12192,Head
3698,Head
20049,Head
20520,Head
4633,Head
3581,Head
15708,Head
5647,Head
13569,Head
4772,Head
5518,Head
7825,Head
16223,Head
20981,Head
21374,Head
2928,Head
5409,Head
11106,Head
1281,Head
1763,Head
5291,Head
13368,Head
13172,Head
14211,Head
17510,Head
3747,Head
4853,Head
6220,Head
9190,Head
20148,Head
21293,Head
4222,Head
6098,Head
6164,Head
10404,Head
14488,Head
16652,Head
4878,Head
5538,Head
1842,Head
20440,Head
1939,Head
1185,Head
1553,Head
9903,Head
9388,Head
11638,Head
15996,Head
11363,Head
16538,Head
21653,Head
11460,Head
4937,Head
7603,Head
17498,Head
21375,Head
4846,Head
9763,Head
10976,Head
16752,Head
17260,Head
20068,Head
1097,Head
1850,Head
5046,Head
12309,Head
17483,Head
18057,Head
20914,Head
2508,Head
10536,Head
17026,Head
3689,Head
15564,Head
3907,Head
12475,Head
13599,Head
918,Head
12511,Head
15735,Head
2074,Head
16660,Head
7849,Head
8215,Head
16201,Head
2148,Head
8680,Head
2882,Head
12196,Head
10850,Head
16139,Head
19978,Head
20482,Head
4125,Head
10781,Head
720,Head
12837,Head
8966,Head
2190,Head
4055,Head
8571,Head
14974,Head
11896,Head
15626,Head
476,Head
13125,Head
13693,Head
15658,Head
4680,Head
16617,Head
1407,Head
4981,Head
5300,Head
15801,Head
16175,Head
19741,Head
4986,Head
8612,Head
11801,Head
2408,Head
9138,Head
10894,Head
17181,Head
17848,Head
4213,Head
8955,Head
16089,Head
4840,Head
5866,Head
9085,Head
11101,Head
21131,Head
369,Head
20376,Head
20913,Head
15215,Head
21456,Head
4957,Head
5040,Head
10606,Head
14187,Head
13467,Head
18510,Head
3209,Head
14131,Head
16807,Head
5334,Head
9273,Head
10007,Head
11897,Head
16649,Head
19717,Head
3658,Head
5079,Head
8780,Head
15648,Head
9527,Head
12433,Head
12757,Head
16948,Head
3968,Head
21317,Head
677,Head
12280,Head
15900,Head
21218,Head
5626,Head
6910,Head
8439,Head
8081,Head
20887,Head
21145,Head
5654,Head
9214,Head
13922,Head
10,Head
1719,Head
20723,Head
2181,Head
11481,Head
12031,Head
18920,Head
4135,Head
8101,Head
18833,Head
19952,Head
20066,Head
20094,Head
8308,Head
11632,Head
14646,Head
3849,Head
8491,Head
16814,Head
20980,Head
3669,Head
9104,Head
7363,Head
8139,Head
13015,Head
4748,Head
15071,Head
18061,Head
13425,Head
16366,Head
17676,Head
7797,Head
11341,Head
416,Head
3391,Head
8454,Head
8738,Head
8994,Head
11,Head
1837,Head
1961,Head
9752,Head
21950,Head
9706,Head
3794,Head
5691,Head
1830,Head
3198,Head
4711,Head
2870,Head
3349,Head
5648,Head
6739,Head
10206,Head
15863,Head
2464,Head
3977,Head
5962,Head
14539,Head
14696,Head
1184,Head
3196,Head
21648,Head
2916,Head
4814,Head
9580,Head
12582,Head
20158,Head
20605,Head
21090,Head
12807,Head
13022,Head
17440,Head
17858,Head
19139,Head
1995,Head
12494,Head
3852,Head
17400,Head
18368,Head
20554,Head
1987,Head
2996,Head
979,Head
6452,Head
10223,Head
13948,Head
17711,Head
1397,Head
2915,Head
4528,Head
14279,Head
16311,Head
2138,Head
3455,Head
6713,Head
17511,Head
17917,Head
21834,Head
450,Head
19425,Head
21931,Head
5063,Head
14280,Head
15685,Head
16008,Head
17077,Head
17220,Head
628,Head
6908,Head
13129,Head
15953,Head
16058,Head
16479,Head
16585,Head
17586,Head
3448,Head
12864,Head
6874,Head
19099,Head
19245,Head
7906,Head
8182,Head
13156,Head
16204,Head
20603,Head
8266,Head
10026,Head
15444,Head
21720,Head
1656,Head
5712,Head
11863,Head
14921,Head
20374,Head
917,Head
5566,Head
10724,Head
1411,Head
1495,Head
6804,Head
8808,Head
20329,Head
4215,Head
4452,Head
10753,Head
12555,Head
13475,Head
13568,Head
3123,Head
7351,Head
8846,Head
10780,Head
16091,Head
20720,Head
2831,Head
4971,Head
10449,Head
10650,Head
11009,Head
21910,Head
8510,Head
9462,Head
11185,Head
4997,Head
11501,Head
4173,Head
8403,Head
19904,Head
1001,Head
16003,Head
1738,Head
4236,Head
11240,Head
11559,Head
13213,Head
17541,Head
4184,Head
6627,Head
1399,Head
3494,Head
10565,Head
11091,Head
11387,Head
12314,Head
17041,Head
17623,Head
234,Head
4632,Head
6451,Head
8277,Head
12941,Head
21104,Head
597,Head
3708,Head
18922,Head
2033,Head
8930,Head
21278,Head
11963,Head
16955,Head
1521,Head
2498,Head
5403,Head
7446,Head
9303,Head
19516,Head
19995,Head
2107,Head
19617,Head
20606,Head
5663,Head
9239,Head
13820,Head
17150,Head
17297,Head
1474,Head
3008,Head
4987,Head
6193,Head
8741,Head
10431,Head
11451,Head
12875,Head
17873,Head
18395,Head
19437,Head
5794,Head
13629,Head
15991,Head
18416,Head
2889,Head
4796,Head
6528,Head
11384,Head
18215,Head
20931,Head
3834,Head
8415,Head
12640,Head
15012,Head
20800,Head
21982,Head
7286,Head
8905,Head
19721,Head
1960,Head
14099,Head
957,Head
12760,Head
16254,Head
19716,Head
20970,Head
2969,Head
5572,Head
6408,Head
7562,Head
12275,Head
16512,Head
19616,Head
1300,Head
7411,Head
10961,Head
16775,Head
21591,Head
4044,Head
8502,Head
9439,Head
11351,Head
1970,Head
3437,Head
3662,Head
8733,Head
15738,Head
18609,Head
2837,Head
3782,Head
7344,Head
14083,Head
15356,Head
15499,Head
15995,Head
17797,Head
20905,Head
8498,Head
11834,Head
21633,Head
5115,Head
11560,Head
16272,Head
18001,Head
732,Head
1470,Head
12800,Head
13059,Head
15265,Head
16439,Head
20842,Head
1600,Head
2980,Head
6167,Head
9270,Head
11954,Head
14369,Head
16950,Head
20050,Head
176,Head
8116,Head
9211,Head
11641,Head
3502,Head
3582,Head
4066,Head
11029,Head
16138,Head
18582,Head
21098,Head
1993,Head
7260,Head
14108,Head
17093,Head
17988,Head
21665,Head
8522,Head
15628,Head
19763,Head
579,Head
5161,Head
9053,Head
19720,Head
19791,Head
20693,Head
11457,Head
14334,Head
17317,Head
17949,Head
19032,Head
19434,Head
20519,Head
246,Head
5994,Head
7027,Head
8907,Head
11931,Head
2618,Head
3394,Head
6833,Head
9402,Head
16684,Head
17462,Head
19375,Head
21803,Head
12157,Head
14695,Head
1799,Head
3661,Head
3878,Head
11945,Head
21983,Head
7647,Head
8484,Head
12731,Head
16718,Head
1198,Head
4773,Head
10239,Head
16355,Head
18837,Head
19464,Head
19760,Head
2371,Head
10370,Head
10444,Head
14412,Head
19185,Head
6483,Head
8061,Head
13934,Head
17387,Head
20509,Head
550,Head
2813,Head
2871,Head
13929,Head
16444,Head
20328,Head
21052,Head
1954,Head
1998,Head
3684,Head
4124,Head
8411,Head
8821,Head
9592,Head
1575,Head
7854,Head
10940,Head
14248,Head
15452,Head
19956,Head
20063,Head
20136,Head
1250,Head
2365,Head
5304,Head
5610,Head
6643,Head
8149,Head
13120,Head
21507,Head
21792,Head
2242,Head
2586,Head
12073,Head
14468,Head
18479,Head
20442,Head
21089,Head
5412,Head
7731,Head
8880,Head
9627,Head
11870,Head
12581,Head
13896,Head
15539,Head
16177,Head
17766,Head
2117,Head
9289,Head
9572,Head
9650,Head
11856,Head
11973,Head
14761,Head
15534,Head
18243,Head
3324,Head
12544,Head
14967,Head
17453,Head
20841,Head
12660,Head
16213,Head
18048,Head
20463,Head
174,Head
5748,Head
12914,Head
13656,Head
20516,Head
20775,Head
21525,Head
7744,Head
13102,Head
13152,Head
14247,Head
14880,Head
2867,Head
7362,Head
13367,Head
16789,Head
20984,Head
1765,Head
4514,Head
6720,Head
7898,Head
9351,Head
10271,Head
17076,Head
21287,Head
1465,Head
4645,Head
5672,Head
13930,Head
21937,Head
601,Head
2353,Head
4188,Head
4998,Head
17509,Head
18013,Head
7822,Head
13140,Head
17148,Head
18091,Head
7532,Head
10856,Head
13921,Head
14068,Head
14161,Head
14221,Head
14255,Head
17155,Head
17344,Head
6876,Head
8389,Head
9084,Head
11605,Head
17487,Head
18216,Head
3872,Head
3925,Head
5361,Head
8583,Head
16088,Head
17043,Head
18066,Head
6007,Head
11713,Head
15355,Head
17357,Head
20719,Head
5047,Head
7522,Head
19626,Head
19628,Head
21266,Head
388,Head
447,Head
7577,Head
8044,Head
11893,Head
13114,Head
14272,Head
17497,Head
17602,Head
19889,Head
20156,Head
20201,Head
21015,Head
594,Head
1028,Head
4370,Head
11612,Head
13388,Head
17205,Head
18331,Head
19125,Head
20073,Head
20327,Head
21021,Head
1386,Head
8948,Head
16101,Head
19799,Head
21087,Head
588,Head
1571,Head
2202,Head
3953,Head
7283,Head
17657,Head
20792,Head
9460,Head
10235,Head
10336,Head
10506,Head
13184,Head
13928,Head
14679,Head
17114,Head
17299,Head
5335,Head
5913,Head
10590,Head
12556,Head
17817,Head
19283,Head
20758,Head
3108,Head
9376,Head
10733,Head
11138,Head
11364,Head
15650,Head
17768,Head
19709,Head
1996,Head
2495,Head
7546,Head
9271,Head
9279,Head
9676,Head
10566,Head
12609,Head
13339,Head
19108,Head
19361,Head
20796,Head
2725,Head
6718,Head
9428,Head
11396,Head
16688,Head
16951,Head
7526,Head
8180,Head
11050,Head
11532,Head
13403,Head
13593,Head
16322,Head
21088,Head
3767,Head
7277,Head
7746,Head
9429,Head
10231,Head
11208,Head
11640,Head
16099,Head
17094,Head
18474,Head
2255,Head
3057,Head
5650,Head
8584,Head
9065,Head
11869,Head
11872,Head
12379,Head
16399,Head
21076,Head
1325,Head
2220,Head
6633,Head
8211,Head
11955,Head
13969,Head
18549,Head
20906,Head
21407,Head
21745,Head
10272,Head
12456,Head
13418,Head
2466,Head
3548,Head
4151,Head
12413,Head
14379,Head
20403,Head
6236,Head
8307,Head
8642,Head
15428,Head
16040,Head
17021,Head
20157,Head
1423,Head
2576,Head
3072,Head
3906,Head
8655,Head
10840,Head
12276,Head
15755,Head
17434,Head
20727,Head
2144,Head
3120,Head
3395,Head
5303,Head
9459,Head
12799,Head
15263,Head
15851,Head
17208,Head
17214,Head
21450,Head
3839,Head
4198,Head
11321,Head
16054,Head
19158,Head
21232,Head
21515,Head
2257,Head
8188,Head
11886,Head
12308,Head
19157,Head
2901,Head
3665,Head
5310,Head
5591,Head
11354,Head
12712,Head
13327,Head
13731,Head
15846,Head
15898,Head
20524,Head
20729,Head
1654,Head
1748,Head
2487,Head
3880,Head
5513,Head
7541,Head
8931,Head
9488,Head
15095,Head
18335,Head
19404,Head
21242,Head
21713,Head
4523,Head
6200,Head
13126,Head
13895,Head
17019,Head
18712,Head
19071,Head
20928,Head
22003,Head
1800,Head
8719,Head
9419,Head
10230,Head
12220,Head
13085,Head
14717,Head
15925,Head
1494,Head
4128,Head
6208,Head
6291,Head
8258,Head
10886,Head
12564,Head
13411,Head
15864,Head
16600,Head
17853,Head
17859,Head
18701,Head
19797,Head
146,Head
1665,Head
10027,Head
10209,Head
10527,Head
14277,Head
16211,Head
16669,Head
21465,Head
641,Head
698,Head
1046,Head
8800,Head
13331,Head
15665,Head
17875,Head
18993,Head
20172,Head
20915,Head
3143,Head
10259,Head
14756,Head
17145,Head
19593,Head
21602,Head
10500,Head
12994,Head
14738,Head
20025,Head
21288,Head
21373,Head
3930,Head
7537,Head
8238,Head
8623,Head
12505,Head
17936,Head
271,Head
5689,Head
7412,Head
8903,Head
9297,Head
15211,Head
2087,Head
2268,Head
3822,Head
8745,Head
8926,Head
10308,Head
12137,Head
12249,Head
12996,Head
13012,Head
13549,Head
3128,Head
3505,Head
6498,Head
11993,Head
13380,Head
18832,Head
1548,Head
4681,Head
5711,Head
7536,Head
12459,Head
12523,Head
12847,Head
16283,Head
17499,Head
18829,Head
19939,Head
21286,Head
665,Head
1498,Head
3390,Head
8419,Head
8940,Head
9593,Head
10341,Head
12909,Head
13013,Head
13947,Head
15410,Head
15878,Head
15916,Head
19159,Head
21649,Head
1008,Head
5424,Head
7913,Head
12641,Head
14139,Head
15289,Head
18443,Head
21457,Head
1050,Head
4232,Head
4747,Head
6424,Head
8628,Head
10941,Head
13995,Head
14668,Head
1103,Head
3215,Head
7580,Head
11105,Head
12886,Head
13931,Head
15862,Head
17337,Head
19472,Head
20267,Head
267,Head
3786,Head
8287,Head
8453,Head
9327,Head
12977,Head
15875,Head
16619,Head
19112,Head
21512,Head
1867,Head
4630,Head
7455,Head
15511,Head
20331,Head
20454,Head
21012,Head
3895,Head
3900,Head
4072,Head
4943,Head
5319,Head
6126,Head
7461,Head
7531,Head
11274,Head
12883,Head
14319,Head
17431,Head
18015,Head
19190,Head
20791,Head
2578,Head
16222,Head
16701,Head
19490,Head
19789,Head
20302,Head
20781,Head
21377,Head
1981,Head
2272,Head
3049,Head
4644,Head
5819,Head
17034,Head
17211,Head
20187,Head
21449,Head
2372,Head
2918,Head
4963,Head
4990,Head
6868,Head
12319,Head
16410,Head
19241,Head
19718,Head
21969,Head
75,Head
535,Head
1541,Head
5397,Head
6210,Head
6829,Head
8675,Head
11188,Head
19824,Head
21869,Head
807,Head
1439,Head
2197,Head
4615,Head
6213,Head
7722,Head
10038,Head
11983,Head
12608,Head
14560,Head
15046,Head
18457,Head
20898,Head
20966,Head
1147,Head
2188,Head
3929,Head
4493,Head
7654,Head
7827,Head
9325,Head
10329,Head
10412,Head
13115,Head
16071,Head
16624,Head
16691,Head
1469,Head
1750,Head
6453,Head
8872,Head
10072,Head
12942,Head
19779,Head
596,Head
5216,Head
5471,Head
5781,Head
6267,Head
6283,Head
6631,Head
8281,Head
8865,Head
12980,Head
13600,Head
13912,Head
14070,Head
14080,Head
14355,Head
16053,Head
17530,Head
17613,Head
18355,Head
19798,Head
21802,Head
375,Head
533,Head
6642,Head
8805,Head
10722,Head
10836,Head
11517,Head
17698,Head
17976,Head
21405,Head
856,Head
1462,Head
2577,Head
3830,Head
8562,Head
11748,Head
12836,Head
13901,Head
14128,Head
14715,Head
18180,Head
18910,Head
3733,Head
5395,Head
6669,Head
7604,Head
10358,Head
11186,Head
12528,Head
19446,Head
20134,Head
971,Head
2465,Head
4934,Head
12744,Head
13470,Head
14231,Head
20857,Head
3064,Head
5780,Head
6227,Head
7590,Head
8235,Head
8433,Head
8513,Head
15523,Head
15791,Head
16018,Head
16025,Head
19385,Head
19782,Head
46,Head
1704,Head
3693,Head
4065,Head
5137,Head
5293,Head
8090,Head
9022,Head
9281,Head
10807,Head
11268,Head
13482,Head
15664,Head
17135,Head
693,Head
1306,Head
1653,Head
4800,Head
6163,Head
10857,Head
15093,Head
18083,Head
19094,Head
20734,Head
160,Head
692,Head
3401,Head
4561,Head
4673,Head
5963,Head
6757,Head
11291,Head
11418,Head
11860,Head
11865,Head
11953,Head
13313,Head
19751,Head
20485,Head
2723,Head
3207,Head
6547,Head
9562,Head
11164,Head
13914,Head
15594,Head
16336,Head
16406,Head
16492,Head
21016,Head
21353,Head
21479,Head
701,Head
1106,Head
1693,Head
2121,Head
2718,Head
4542,Head
5423,Head
6802,Head
15087,Head
16174,Head
19331,Head
20774,Head
21240,Head
735,Head
5557,Head
5815,Head
7475,Head
10263,Head
12329,Head
13200,Head
13958,Head
14444,Head
14501,Head
15058,Head
15146,Head
18423,Head
18529,Head
20462,Head
21300,Head
7831,Head
8191,Head
14298,Head
14973,Head
19833,Head
21092,Head
1690,Head
2834,Head
3232,Head
3950,Head
4902,Head
4995,Head
5574,Head
6029,Head
7914,Head
12939,Head
14772,Head
16791,Head
16980,Head
19291,Head
20741,Head
1525,Head
1902,Head
2625,Head
5522,Head
5867,Head
8350,Head
11382,Head
11898,Head
12715,Head
13640,Head
15066,Head
21763,Head
21840,Head
1327,Head
2488,Head
2868,Head
3399,Head
3748,Head
7330,Head
8078,Head
9107,Head
11719,Head
13971,Head
14088,Head
15814,Head
16401,Head
18410,Head
19470,Head
1225,Head
3484,Head
9525,Head
9837,Head
15035,Head
17068,Head
17177,Head
20814,Head
20991,Head
557,Head
1132,Head
2815,Head
3683,Head
3947,Head
8076,Head
8909,Head
9978,Head
10518,Head
13133,Head
14142,Head
15101,Head
15398,Head
15945,Head
17221,Head
19254,Head
20967,Head
1064,Head
1188,Head
3523,Head
4567,Head
5806,Head
6630,Head
7543,Head
8255,Head
11008,Head
15850,Head
16217,Head
16493,Head
17435,Head
18507,Head
20137,Head
411,Head
3010,Head
3740,Head
6279,Head
6544,Head
8276,Head
12969,Head
15033,Head
15571,Head
15874,Head
17071,Head
18577,Head
19168,Head
2654,Head
3503,Head
4082,Head
6707,Head
8742,Head
9088,Head
9507,Head
10093,Head
11220,Head
14645,Head
16403,Head
19592,Head
20721,Head
21217,Head
21981,Head
190,Head
592,Head
5103,Head
5338,Head
9647,Head
11664,Head
11871,Head
16975,Head
18748,Head
454,Head
725,Head
1091,Head
1127,Head
6096,Head
7421,Head
8414,Head
12616,Head
13190,Head
13461,Head
14230,Head
14556,Head
14653,Head
19303,Head
21115,Head
703,Head
3545,Head
5101,Head
5333,Head
9720,Head
12590,Head
13212,Head
18263,Head
18771,Head
2234,Head
3382,Head
4463,Head
5706,Head
8150,Head
12158,Head
14179,Head
15927,Head
18262,Head
18841,Head
415,Head
1655,Head
6858,Head
8015,Head
8475,Head
8483,Head
12510,Head
13821,Head
14424,Head
14736,Head
15948,Head
18923,Head
254,Head
671,Head
2462,Head
3290,Head
4369,Head
5911,Head
6981,Head
11059,Head
13145,Head
14705,Head
14968,Head
3909,Head
6302,Head
9255,Head
9703,Head
13377,Head
13997,Head
14066,Head
14993,Head
18195,Head
19850,Head
1340,Head
1689,Head
2949,Head
3723,Head
4474,Head
5353,Head
8870,Head
10244,Head
10972,Head
11368,Head
11723,Head
16620,Head
18770,Head
18797,Head
19997,Head
20389,Head
106,Head
908,Head
1919,Head
2497,Head
5587,Head
7285,Head
13672,Head
14957,Head
15598,Head
16296,Head
17778,Head
18367,Head
20226,Head
1552,Head
2271,Head
7376,Head
8747,Head
8841,Head
9324,Head
11586,Head
14554,Head
14566,Head
15699,Head
16000,Head
16963,Head
17993,Head
19826,Head
19844,Head
20003,Head
21106,Head
1392,Head
5830,Head
8862,Head
11158,Head
11581,Head
11813,Mid
13648,Mid
20162,Mid
119,Mid
602,Mid
966,Mid
1043,Mid
1214,Mid
1422,Mid
1648,Mid
1652,Mid
5840,Mid
6225,Mid
6515,Mid
8147,Mid
12595,Mid
20322,Mid
1013,Mid
2438,Mid
2744,Mid
2881,Mid
4750,Mid
5016,Mid
5912,Mid
7817,Mid
7851,Mid
7937,Mid
8856,Mid
10556,Mid
11609,Mid
12350,Mid
13174,Mid
13447,Mid
13698,Mid
13932,Mid
14242,Mid
15182,Mid
18047,Mid
248,Mid
374,Mid
1238,Mid
3308,Mid
3446,Mid
7621,Mid
14612,Mid
14889,Mid
15671,Mid
16682,Mid
17215,Mid
17277,Mid
17919,Mid
277,Mid
1179,Mid
2391,Mid
5745,Mid
6129,Mid
6596,Mid
11184,Mid
12173,Mid
13389,Mid
13399,Mid
14329,Mid
14757,Mid
15689,Mid
16591,Mid
18328,Mid
18514,Mid
20730,Mid
21584,Mid
21864,Mid
1177,Mid
2152,Mid
3440,Mid
4207,Mid
4851,Mid
5843,Mid
6051,Mid
8465,Mid
9326,Mid
16354,Mid
18343,Mid
18964,Mid
20637,Mid
21558,Mid
2393,Mid
3201,Mid
3248,Mid
3812,Mid
5043,Mid
7529,Mid
8817,Mid
9328,Mid
11090,Mid
11221,Mid
11248,Mid
12223,Mid
12563,Mid
14474,Mid
15110,Mid
18346,Mid
18626,Mid
18687,Mid
20372,Mid
20575,Mid
20776,Mid
20859,Mid
21028,Mid
2443,Mid
5550,Mid
5552,Mid
5588,Mid
5927,Mid
11431,Mid
14024,Mid
14771,Mid
16905,Mid
17288,Mid
17864,Mid
17963,Mid
18345,Mid
18767,Mid
2044,Mid
4276,Mid
5565,Mid
8002,Mid
10587,Mid
11744,Mid
12953,Mid
13597,Mid
14960,Mid
16011,Mid
17683,Mid
19479,Mid
19788,Mid
20469,Mid
21011,Mid
6034,Mid
6848,Mid
10648,Mid
11551,Mid
12592,Mid
12662,Mid
13330,Mid
14324,Mid
15691,Mid
18827,Mid
19399,Mid
19722,Mid
20909,Mid
21762,Mid
1287,Mid
1491,Mid
2068,Mid
2198,Mid
2772,Mid
7521,Mid
7615,Mid
7622,Mid
9251,Mid
9380,Mid
10129,Mid
12004,Mid
14724,Mid
18938,Mid
19582,Mid
19696,Mid
19736,Mid
20091,Mid
2422,Mid
3189,Mid
3612,Mid
5524,Mid
6000,Mid
8138,Mid
8653,Mid
8963,Mid
10102,Mid
10241,Mid
12341,Mid
13375,Mid
13603,Mid
18565,Mid
18914,Mid
18915,Mid
21613,Mid
598,Mid
2123,Mid
2474,Mid
3028,Mid
3044,Mid
7869,Mid
7903,Mid
8523,Mid
8697,Mid
8949,Mid
9441,Mid
10555,Mid
10872,Mid
11482,Mid
12695,Mid
14289,Mid
15938,Mid
16466,Mid
18901,Mid
19249,Mid
19777,Mid
20899,Mid
21180,Mid
21196,Mid
3223,Mid
5480,Mid
7122,Mid
8125,Mid
9594,Mid
11292,Mid
14623,Mid
15140,Mid
16041,Mid
16431,Mid
17083,Mid
18550,Mid
19354,Mid
20613,Mid
292,Mid
3948,Mid
5812,Mid
8209,Mid
8559,Mid
9350,Mid
11831,Mid
14016,Mid
16379,Mid
16673,Mid
16808,Mid
17724,Mid
18246,Mid
19033,Mid
19247,Mid
19483,Mid
20503,Mid
21989,Mid
314,Mid
4462,Mid
5102,Mid
9189,Mid
9447,Mid
10971,Mid
12025,Mid
14326,Mid
15069,Mid
15621,Mid
16141,Mid
16202,Mid
16428,Mid
16506,Mid
18230,Mid
20924,Mid
21048,Mid
21129,Mid
21606,Mid
430,Mid
1216,Mid
2893,Mid
5360,Mid
5941,Mid
6839,Mid
6850,Mid
7293,Mid
7346,Mid
7773,Mid
7901,Mid
11864,Mid
12154,Mid
12869,Mid
13985,Mid
15936,Mid
16034,Mid
17375,Mid
17470,Mid
17865,Mid
18511,Mid
19906,Mid
5629,Mid
7548,Mid
8366,Mid
8842,Mid
9864,Mid
10089,Mid
11533,Mid
13431,Mid
13860,Mid
16024,Mid
16402,Mid
17158,Mid
18885,Mid
19449,Mid
19825,Mid
20646,Mid
21256,Mid
524,Mid
1640,Mid
2614,Mid
4833,Mid
6426,Mid
7935,Mid
8394,Mid
8731,Mid
9718,Mid
10610,Mid
11806,Mid
12729,Mid
13064,Mid
13519,Mid
15826,Mid
15847,Mid
16110,Mid
16581,Mid
17529,Mid
19855,Mid
20635,Mid
20963,Mid
1002,Mid
1205,Mid
3995,Mid
5029,Mid
6600,Mid
6644,Mid
6717,Mid
7494,Mid
8656,Mid
9163,Mid
11587,Mid
12955,Mid
13644,Mid
14278,Mid
15011,Mid
15739,Mid
834,Mid
2914,Mid
3623,Mid
3627,Mid
6430,Mid
8421,Mid
9878,Mid
10993,Mid
15141,Mid
17723,Mid
17796,Mid
19060,Mid
19899,Mid
1849,Mid
2194,Mid
2864,Mid
4760,Mid
5764,Mid
5863,Mid
6289,Mid
6572,Mid
8327,Mid
10796,Mid
11802,Mid
12711,Mid
13181,Mid
13406,Mid
13513,Mid
14120,Mid
16208,Mid
17522,Mid
20180,Mid
593,Mid
844,Mid
1186,Mid
2141,Mid
2145,Mid
2808,Mid
3885,Mid
6712,Mid
10203,Mid
11601,Mid
13369,Mid
16635,Mid
18476,Mid
19902,Mid
20753,Mid
21053,Mid
175,Mid
221,Mid
385,Mid
2364,Mid
2640,Mid
3976,Mid
5013,Mid
5682,Mid
5838,Mid
6190,Mid
6455,Mid
7088,Mid
9134,Mid
10317,Mid
11183,Mid
13800,Mid
15354,Mid
15865,Mid
17175,Mid
18030,Mid
19234,Mid
20250,Mid
21014,Mid
1535,Mid
2105,Mid
2298,Mid
2989,Mid
4908,Mid
4931,Mid
7737,Mid
7980,Mid
9512,Mid
10723,Mid
12460,Mid
13081,Mid
13712,Mid
14287,Mid
16968,Mid
18401,Mid
18503,Mid
18772,Mid
19435,Mid
20098,Mid
20313,Mid
20512,Mid
20549,Mid
21284,Mid
118,Mid
1227,Mid
2308,Mid
3280,Mid
4942,Mid
7738,Mid
7798,Mid
8469,Mid
8530,Mid
8693,Mid
9417,Mid
10661,Mid
10717,Mid
13226,Mid
15112,Mid
16236,Mid
16384,Mid
17618,Mid
18340,Mid
19364,Mid
20530,Mid
20631,Mid
20749,Mid
21500,Mid
2968,Mid
3029,Mid
4092,Mid
5356,Mid
5802,Mid
6374,Mid
7111,Mid
7256,Mid
9046,Mid
9192,Mid
9489,Mid
10343,Mid
14331,Mid
16474,Mid
17927,Mid
19484,Mid
19853,Mid
20264,Mid
20275,Mid
20522,Mid
967,Mid
1570,Mid
1950,Mid
2149,Mid
2919,Mid
3393,Mid
4382,Mid
5302,Mid
5895,Mid
8057,Mid
10409,Mid
13859,Mid
16674,Mid
17081,Mid
17212,Mid
17448,Mid
18615,Mid
19153,Mid
20499,Mid
20834,Mid
619,Mid
1396,Mid
1955,Mid
2108,Mid
2456,Mid
2643,Mid
2752,Mid
3543,Mid
5097,Mid
6690,Mid
7946,Mid
7981,Mid
8085,Mid
8424,Mid
8468,Mid
8923,Mid
10355,Mid
10712,Mid
12018,Mid
13486,Mid
14608,Mid
15607,Mid
16199,Mid
16991,Mid
17834,Mid
19184,Mid
20844,Mid
21798,Mid
21914,Mid
124,Mid
870,Mid
931,Mid
1104,Mid
3863,Mid
4631,Mid
6117,Mid
6651,Mid
7267,Mid
7405,Mid
10594,Mid
11424,Mid
11838,Mid
12638,Mid
13936,Mid
14975,Mid
16276,Mid
17080,Mid
17578,Mid
19565,Mid
19715,Mid
19719,Mid
19838,Mid
19958,Mid
20197,Mid
611,Mid
3105,Mid
3249,Mid
4047,Mid
5096,Mid
5539,Mid
7099,Mid
7302,Mid
8256,Mid
9240,Mid
12610,Mid
12773,Mid
12822,Mid
14683,Mid
16860,Mid
17246,Mid
17921,Mid
19416,Mid
20782,Mid
21001,Mid
21289,Mid
2035,Mid
3205,Mid
3682,Mid
4088,Mid
4947,Mid
6203,Mid
7319,Mid
7454,Mid
7482,Mid
8943,Mid
9541,Mid
11141,Mid
11590,Mid
13311,Mid
14130,Mid
14936,Mid
15433,Mid
16574,Mid
16648,Mid
17524,Mid
18074,Mid
18200,Mid
19062,Mid
19259,Mid
20024,Mid
20359,Mid
20439,Mid
513,Mid
1114,Mid
1461,Mid
3309,Mid
3421,Mid
3449,Mid
5933,Mid
6018,Mid
8096,Mid
9048,Mid
9120,Mid
10428,Mid
11721,Mid
11800,Mid
12384,Mid
12758,Mid
14293,Mid
14482,Mid
14706,Mid
14966,Mid
15647,Mid
16665,Mid
16813,Mid
17426,Mid
18201,Mid
772,Mid
3212,Mid
3646,Mid
3803,Mid
4194,Mid
5296,Mid
6023,Mid
6626,Mid
8199,Mid
10261,Mid
10670,Mid
10845,Mid
10902,Mid
10944,Mid
11630,Mid
15142,Mid
16263,Mid
17153,Mid
17708,Mid
17978,Mid
18082,Mid
18336,Mid
18493,Mid
19537,Mid
19599,Mid
20230,Mid
21105,Mid
14,Mid
847,Mid
1997,Mid
2038,Mid
3873,Mid
4423,Mid
4993,Mid
5556,Mid
6499,Mid
6732,Mid
8152,Mid
9058,Mid
10637,Mid
10916,Mid
10917,Mid
13977,Mid
14694,Mid
16326,Mid
18244,Mid
19943,Mid
20820,Mid
21585,Mid
2869,Mid
3203,Mid
3772,Mid
3931,Mid
4527,Mid
4797,Mid
5551,Mid
6094,Mid
7325,Mid
7958,Mid
8005,Mid
9997,Mid
10442,Mid
10711,Mid
15454,Mid
15661,Mid
15808,Mid
15899,Mid
16618,Mid
16960,Mid
16961,Mid
20572,Mid
21433,Mid
352,Mid
510,Mid
1636,Mid
3818,Mid
4080,Mid
5139,Mid
6217,Mid
7301,Mid
7969,Mid
10228,Mid
10860,Mid
12347,Mid
12518,Mid
12591,Mid
13101,Mid
13412,Mid
14127,Mid
14669,Mid
14893,Mid
17633,Mid
18807,Mid
704,Mid
864,Mid
1433,Mid
1980,Mid
2180,Mid
5427,Mid
7729,Mid
8133,Mid
8143,Mid
9040,Mid
10252,Mid
13663,Mid
14299,Mid
17458,Mid
18818,Mid
19530,Mid
20999,Mid
21043,Mid
21316,Mid
1463,Mid
1770,Mid
1788,Mid
2247,Mid
2945,Mid
3329,Mid
4688,Mid
6816,Mid
7528,Mid
7579,Mid
8122,Mid
8162,Mid
8178,Mid
8888,Mid
9586,Mid
10378,Mid
11104,Mid
12374,Mid
13553,Mid
14165,Mid
14261,Mid
14952,Mid
15257,Mid
15832,Mid
16400,Mid
17673,Mid
17732,Mid
17777,Mid
18921,Mid
19235,Mid
21612,Mid
21677,Mid
1645,Mid
1758,Mid
3660,Mid
8273,Mid
8381,Mid
9115,Mid
9215,Mid
9526,Mid
9758,Mid
12688,Mid
14345,Mid
14423,Mid
14716,Mid
16221,Mid
16690,Mid
17017,Mid
17924,Mid
18801,Mid
19300,Mid
19667,Mid
19950,Mid
20251,Mid
21990,Mid
1983,Mid
2416,Mid
2805,Mid
3380,Mid
3894,Mid
4544,Mid
5366,Mid
5981,Mid
7414,Mid
7720,Mid
7949,Mid
8154,Mid
8845,Mid
8922,Mid
9458,Mid
9598,Mid
10472,Mid
11100,Mid
12378,Mid
13986,Mid
16404,Mid
18608,Mid
19317,Mid
19591,Mid
19994,Mid
20213,Mid
20570,Mid
21078,Mid
21734,Mid
1377,Mid
1547,Mid
3927,Mid
3951,Mid
4217,Mid
5543,Mid
5820,Mid
6541,Mid
6929,Mid
7310,Mid
7703,Mid
9710,Mid
10347,Mid
10427,Mid
10499,Mid
10713,Mid
11015,Mid
11102,Mid
11214,Mid
12096,Mid
12583,Mid
13030,Mid
14227,Mid
14785,Mid
15102,Mid
16824,Mid
16946,Mid
18926,Mid
19462,Mid
20600,Mid
20737,Mid
20972,Mid
21264,Mid
21953,Mid
1321,Mid
3122,Mid
3139,Mid
3370,Mid
4195,Mid
5777,Mid
7726,Mid
8434,Mid
9753,Mid
11229,Mid
12120,Mid
12224,Mid
13849,Mid
14048,Mid
14266,Mid
15799,Mid
16385,Mid
19092,Mid
19627,Mid
21205,Mid
21235,Mid
21906,Mid
1044,Mid
1650,Mid
2407,Mid
3702,Mid
4552,Mid
5173,Mid
6042,Mid
6861,Mid
7493,Mid
8252,Mid
8794,Mid
8976,Mid
10065,Mid
10999,Mid
11293,Mid
11470,Mid
11771,Mid
12430,Mid
12554,Mid
12650,Mid
12881,Mid
13108,Mid
13193,Mid
13861,Mid
13918,Mid
14709,Mid
16543,Mid
17167,Mid
17425,Mid
17805,Mid
19711,Mid
21938,Mid
162,Mid
2350,Mid
2838,Mid
3379,Mid
3456,Mid
3473,Mid
3542,Mid
4177,Mid
4428,Mid
5057,Mid
7433,Mid
9086,Mid
9224,Mid
10955,Mid
11288,Mid
11610,Mid
11643,Mid
12195,Mid
14150,Mid
14320,Mid
14381,Mid
14734,Mid
15496,Mid
17027,Mid
17156,Mid
17635,Mid
17815,Mid
17849,Mid
19677,Mid
20071,Mid
21138,Mid
21262,Mid
21814,Mid
116,Mid
222,Mid
1388,Mid
1749,Mid
4048,Mid
4638,Mid
4916,Mid
5479,Mid
6548,Mid
7314,Mid
9999,Mid
11245,Mid
11577,Mid
11584,Mid
11837,Mid
12838,Mid
12962,Mid
13392,Mid
16231,Mid
16372,Mid
16491,Mid
17138,Mid
17207,Mid
18504,Mid
19258,Mid
19806,Mid
20145,Mid
20514,Mid
21134,Mid
21708,Mid
21930,Mid
251,Mid
1109,Mid
5365,Mid
5430,Mid
6415,Mid
7620,Mid
7633,Mid
7925,Mid
7961,Mid
8077,Mid
8508,Mid
8779,Mid
9028,Mid
9307,Mid
9360,Mid
10437,Mid
10763,Mid
11152,Mid
12970,Mid
13370,Mid
13926,Mid
14015,Mid
14144,Mid
14714,Mid
15031,Mid
15346,Mid
15843,Mid
17636,Mid
17854,Mid
18097,Mid
18611,Mid
19330,Mid
19764,Mid
20252,Mid
20256,Mid
21017,Mid
2819,Mid
3500,Mid
4096,Mid
7632,Mid
8736,Mid
9071,Mid
9101,Mid
11410,Mid
11890,Mid
11951,Mid
12526,Mid
14425,Mid
14616,Mid
14725,Mid
15583,Mid
17087,Mid
17340,Mid
17389,Mid
17808,Mid
18711,Mid
18917,Mid
20353,Mid
20579,Mid
21543,Mid
414,Mid
1149,Mid
2310,Mid
3146,Mid
4536,Mid
5643,Mid
6161,Mid
6230,Mid
8233,Mid
8251,Mid
10016,Mid
10881,Mid
11215,Mid
11631,Mid
14504,Mid
14517,Mid
14673,Mid
16220,Mid
16440,Mid
17028,Mid
17388,Mid
17946,Mid
18494,Mid
18555,Mid
18738,Mid
18761,Mid
18965,Mid
1562,Mid
3173,Mid
3897,Mid
4611,Mid
4720,Mid
4807,Mid
5329,Mid
5363,Mid
5472,Mid
6795,Mid
6865,Mid
7484,Mid
8363,Mid
8669,Mid
9132,Mid
9955,Mid
11826,Mid
12054,Mid
14464,Mid
15844,Mid
16278,Mid
18338,Mid
18383,Mid
20619,Mid
21097,Mid
21269,Mid
1098,Mid
1794,Mid
3061,Mid
3286,Mid
4844,Mid
5373,Mid
5519,Mid
5972,Mid
6428,Mid
6761,Mid
7438,Mid
9162,Mid
10716,Mid
11624,Mid
11922,Mid
13967,Mid
13996,Mid
14352,Mid
14469,Mid
15168,Mid
15597,Mid
16132,Mid
16429,Mid
17151,Mid
17259,Mid
17684,Mid
18354,Mid
19363,Mid
20138,Mid
20279,Mid
21223,Mid
21499,Mid
21664,Mid
487,Mid
1228,Mid
1643,Mid
1755,Mid
2080,Mid
2821,Mid
5619,Mid
7653,Mid
8440,Mid
8613,Mid
9015,Mid
10232,Mid
12023,Mid
13782,Mid
13924,Mid
14285,Mid
14586,Mid
15717,Mid
16309,Mid
17341,Mid
17881,Mid
19518,Mid
21190,Mid
21502,Mid
159,Mid
288,Mid
709,Mid
1904,Mid
2701,Mid
3255,Mid
3618,Mid
5645,Mid
7442,Mid
7511,Mid
8265,Mid
8879,Mid
11323,Mid
12504,Mid
14443,Mid
15148,Mid
16070,Mid
16103,Mid
17103,Mid
18093,Mid
18805,Mid
20406,Mid
21008,Mid
21176,Mid
21501,Mid
220,Mid
2827,Mid
3041,Mid
3154,Mid
4240,Mid
4980,Mid
7426,Mid
7605,Mid
7818,Mid
9136,Mid
9456,Mid
10181,Mid
11275,Mid
11294,Mid
11561,Mid
12397,Mid
12648,Mid
13261,Mid
13435,Mid
13828,Mid
15273,Mid
16809,Mid
17816,Mid
19126,Mid
19315,Mid
19368,Mid
20770,Mid
20793,Mid
21348,Mid
21867,Mid
291,Mid
1226,Mid
2388,Mid
2457,Mid
2620,Mid
3001,Mid
3156,Mid
3538,Mid
3632,Mid
4435,Mid
4448,Mid
4959,Mid
5073,Mid
5162,Mid
5799,Mid
7505,Mid
8100,Mid
8625,Mid
9487,Mid
10248,Mid
10653,Mid
13341,Mid
13968,Mid
14945,Mid
15049,Mid
15872,Mid
15881,Mid
15979,Mid
17117,Mid
17213,Mid
17726,Mid
18501,Mid
19769,Mid
20368,Mid
20821,Mid
290,Mid
599,Mid
2822,Mid
3547,Mid
7297,Mid
7300,Mid
7745,Mid
8082,Mid
9137,Mid
9208,Mid
9490,Mid
10596,Mid
10623,Mid
11144,Mid
11540,Mid
12395,Mid
13793,Mid
14117,Mid
14742,Mid
14881,Mid
14932,Mid
15258,Mid
18049,Mid
18235,Mid
19013,Mid
19639,Mid
19698,Mid
19766,Mid
20150,Mid
20798,Mid
20831,Mid
20993,Mid
169,Mid
518,Mid
1209,Mid
1504,Mid
2376,Mid
2830,Mid
3629,Mid
3908,Mid
6273,Mid
7510,Mid
7617,Mid
7618,Mid
8311,Mid
8488,Mid
9033,Mid
9205,Mid
10015,Mid
10041,Mid
11603,Mid
11873,Mid
12065,Mid
12112,Mid
12524,Mid
14435,Mid
15437,Mid
15577,Mid
15960,Mid
16351,Mid
16363,Mid
17088,Mid
17583,Mid
18887,Mid
19091,Mid
19353,Mid
20581,Mid
20902,Mid
21572,Mid
21679,Mid
177,Mid
281,Mid
2299,Mid
2548,Mid
3140,Mid
3337,Mid
3509,Mid
3546,Mid
3617,Mid
3762,Mid
3922,Mid
3945,Mid
4496,Mid
4532,Mid
4877,Mid
4940,Mid
5750,Mid
5775,Mid
5934,Mid
6146,Mid
6754,Mid
7572,Mid
7840,Mid
8027,Mid
8798,Mid
9672,Mid
10398,Mid
13112,Mid
13572,Mid
14451,Mid
15994,Mid
16483,Mid
17383,Mid
18046,Mid
19171,Mid
19835,Mid
21133,Mid
21136,Mid
21732,Mid
421,Mid
913,Mid
1718,Mid
1999,Mid
2950,Mid
3691,Mid
3798,Mid
4162,Mid
4522,Mid
5290,Mid
5297,Mid
5576,Mid
6268,Mid
7964,Mid
8014,Mid
8230,Mid
8412,Mid
9355,Mid
11488,Mid
11685,Mid
12401,Mid
12966,Mid
12991,Mid
15445,Mid
15453,Mid
15745,Mid
16036,Mid
17152,Mid
18552,Mid
19471,Mid
19996,Mid
20023,Mid
20627,Mid
456,Mid
546,Mid
608,Mid
717,Mid
964,Mid
1840,Mid
2235,Mid
2349,Mid
2776,Mid
3447,Mid
5036,Mid
5041,Mid
5549,Mid
6847,Mid
8097,Mid
8495,Mid
10419,Mid
10583,Mid
11149,Mid
12499,Mid
13442,Mid
14321,Mid
14356,Mid
15835,Mid
17102,Mid
17137,Mid
17154,Mid
17298,Mid
17620,Mid
18029,Mid
18055,Mid
18405,Mid
18614,Mid
19173,Mid
19596,Mid
19619,Mid
20149,Mid
22016,Mid
520,Mid
877,Mid
1918,Mid
2040,Mid
3442,Mid
3795,Mid
3905,Mid
5042,Mid
5312,Mid
5743,Mid
7394,Mid
7882,Mid
7976,Mid
7986,Mid
8074,Mid
8700,Mid
9284,Mid
11858,Mid
12989,Mid
13260,Mid
14014,Mid
14126,Mid
14367,Mid
14665,Mid
15262,Mid
15529,Mid
15902,Mid
16397,Mid
16844,Mid
18115,Mid
18339,Mid
18945,Mid
19191,Mid
19213,Mid
19292,Mid
19847,Mid
20401,Mid
21027,Mid
1332,Mid
1666,Mid
2293,Mid
2398,Mid
2797,Mid
3148,Mid
3475,Mid
3580,Mid
3587,Mid
4073,Mid
4076,Mid
5306,Mid
5782,Mid
5947,Mid
7415,Mid
8285,Mid
8520,Mid
9002,Mid
10215,Mid
10224,Mid
11738,Mid
11889,Mid
12003,Mid
12062,Mid
12982,Mid
14780,Mid
15432,Mid
15608,Mid
16610,Mid
16969,Mid
18475,Mid
18861,Mid
18863,Mid
19160,Mid
20309,Mid
20434,Mid
20701,Mid
21226,Mid
21432,Mid
606,Mid
647,Mid
2215,Mid
2304,Mid
3886,Mid
5509,Mid
6454,Mid
7736,Mid
8639,Mid
8791,Mid
9785,Mid
10447,Mid
10849,Mid
11084,Mid
11289,Mid
11306,Mid
11440,Mid
12093,Mid
12463,Mid
12752,Mid
13154,Mid
14400,Mid
14561,Mid
14603,Mid
15400,Mid
16038,Mid
17040,Mid
17050,Mid
17514,Mid
17553,Mid
17895,Mid
18240,Mid
18342,Mid
18625,Mid
19263,Mid
19507,Mid
21451,Mid
313,Mid
457,Mid
590,Mid
643,Mid
1217,Mid
2195,Mid
2233,Mid
2732,Mid
3914,Mid
4026,Mid
4114,Mid
4417,Mid
7706,Mid
8208,Mid
8458,Mid
8567,Mid
9427,Mid
10090,Mid
10105,Mid
11282,Mid
11573,Mid
12187,Mid
12382,Mid
12458,Mid
13976,Mid
15218,Mid
15233,Mid
16200,Mid
16531,Mid
16650,Mid
17574,Mid
18053,Mid
19251,Mid
19357,Mid
19512,Mid
21751,Mid
21915,Mid
243,Mid
560,Mid
1466,Mid
1493,Mid
2940,Mid
4003,Mid
4866,Mid
5341,Mid
5727,Mid
5850,Mid
6368,Mid
8730,Mid
9371,Mid
9561,Mid
10672,Mid
10973,Mid
11300,Mid
11479,Mid
11547,Mid
12090,Mid
12094,Mid
12104,Mid
12661,Mid
12728,Mid
14522,Mid
15041,Mid
15124,Mid
15958,Mid
16521,Mid
17484,Mid
17694,Mid
18100,Mid
18985,Mid
19046,Mid
19128,Mid
19296,Mid
19488,Mid
19567,Mid
19979,Mid
20546,Mid
21839,Mid
130,Mid
1639,Mid
2359,Mid
2539,Mid
3768,Mid
3870,Mid
5116,Mid
5284,Mid
5615,Mid
5730,Mid
6097,Mid
7792,Mid
8136,Mid
8438,Mid
8944,Mid
9027,Mid
9229,Mid
9751,Mid
10835,Mid
11276,Mid
12367,Mid
12514,Mid
12576,Mid
13571,Mid
13687,Mid
13939,Mid
14060,Mid
14509,Mid
15721,Mid
16080,Mid
16616,Mid
17141,Mid
17209,Mid
17851,Mid
18422,Mid
18975,Mid
19211,Mid
19876,Mid
20109,Mid
20676,Mid
21428,Mid
386,Mid
1393,Mid
1807,Mid
2118,Mid
2876,Mid
3152,Mid
3802,Mid
4275,Mid
5763,Mid
5800,Mid
5976,Mid
6648,Mid
7101,Mid
8688,Mid
9420,Mid
10498,Mid
10803,Mid
11642,Mid
12166,Mid
12589,Mid
12706,Mid
13651,Mid
13668,Mid
14020,Mid
14185,Mid
14533,Mid
14644,Mid
14773,Mid
14961,Mid
15057,Mid
16430,Mid
18451,Mid
19480,Mid
19583,Mid
19792,Mid
20241,Mid
20742,Mid
20759,Mid
21447,Mid
21686,Mid
636,Mid
907,Mid
1587,Mid
2344,Mid
3879,Mid
3912,Mid
4451,Mid
6006,Mid
8197,Mid
8704,Mid
8739,Mid
8836,Mid
8851,Mid
9300,Mid
9589,Mid
10061,Mid
10193,Mid
10204,Mid
10615,Mid
10647,Mid
10759,Mid
12705,Mid
13434,Mid
13723,Mid
14067,Mid
14069,Mid
14312,Mid
14670,Mid
16057,Mid
16224,Mid
16954,Mid
16959,Mid
17585,Mid
18031,Mid
19622,Mid
19896,Mid
20571,Mid
20837,Mid
20985,Mid
120,Mid
733,Mid
1039,Mid
1473,Mid
2452,Mid
2652,Mid
2960,Mid
3059,Mid
3194,Mid
3944,Mid
5056,Mid
5422,Mid
5475,Mid
5476,Mid
5746,Mid
5831,Mid
6684,Mid
8219,Mid
8360,Mid
8536,Mid
9052,Mid
9563,Mid
9595,Mid
9603,Mid
9737,Mid
9877,Mid
10510,Mid
10649,Mid
14229,Mid
14971,Mid
15750,Mid
16482,Mid
16655,Mid
16965,Mid
17091,Mid
17334,Mid
17525,Mid
18539,Mid
18740,Mid
18773,Mid
20443,Mid
20521,Mid
848,Mid
1506,Mid
4020,Mid
4074,Mid
4405,Mid
5064,Mid
5342,Mid
5345,Mid
5696,Mid
5931,Mid
6133,Mid
7447,Mid
7524,Mid
8212,Mid
8375,Mid
8974,Mid
9264,Mid
11428,Mid
11498,Mid
11833,Mid
13438,Mid
13501,Mid
13608,Mid
13855,Mid
14025,Mid
14416,Mid
14421,Mid
15605,Mid
15797,Mid
16142,Mid
16832,Mid
17059,Mid
17394,Mid
17477,Mid
18261,Mid
18982,Mid
19061,Mid
19202,Mid
19282,Mid
19423,Mid
19832,Mid
21158,Mid
21285,Mid
21812,Mid
361,Mid
1187,Mid
2278,Mid
2924,Mid
3952,Mid
4100,Mid
4827,Mid
5352,Mid
7596,Mid
8079,Mid
8181,Mid
8385,Mid
8606,Mid
8793,Mid
9422,Mid
9482,Mid
9643,Mid
10353,Mid
10939,Mid
11089,Mid
12127,Mid
12553,Mid
12710,Mid
13189,Mid
13480,Mid
13894,Mid
14136,Mid
14137,Mid
14643,Mid
14779,Mid
15070,Mid
15131,Mid
15161,Mid
15959,Mid
16259,Mid
16693,Mid
16792,Mid
17179,Mid
17459,Mid
18014,Mid
18084,Mid
18188,Mid
18538,Mid
19212,Mid
20493,Mid
20836,Mid
21116,Mid
21559,Mid
21738,Mid
21761,Mid
22006,Mid
114,Mid
121,Mid
274,Mid
471,Mid
1851,Mid
2016,Mid
2927,Mid
3269,Mid
3270,Mid
3358,Mid
3479,Mid
3507,Mid
3990,Mid
5081,Mid
8054,Mid
8417,Mid
9695,Mid
9923,Mid
10765,Mid
10975,Mid
11139,Mid
11562,Mid
12282,Mid
12619,Mid
12853,Mid
13647,Mid
13778,Mid
13803,Mid
14288,Mid
15652,Mid
16794,Mid
17139,Mid
17666,Mid
18691,Mid
19138,Mid
19598,Mid
20027,Mid
21436,Mid
21607,Mid
21799,Mid
21841,Mid
995,Mid
1398,Mid
1518,Mid
1710,Mid
1787,Mid
1848,Mid
2159,Mid
2333,Mid
2356,Mid
2414,Mid
3628,Mid
3985,Mid
4256,Mid
4459,Mid
5148,Mid
5286,Mid
5481,Mid
5699,Mid
6095,Mid
6158,Mid
6819,Mid
7558,Mid
7635,Mid
7846,Mid
8069,Mid
8364,Mid
9099,Mid
9340,Mid
10237,Mid
11025,Mid
11314,Mid
11445,Mid
12560,Mid
13991,Mid
15096,Mid
15271,Mid
15700,Mid
17276,Mid
17343,Mid
17408,Mid
18245,Mid
18840,Mid
19513,Mid
20182,Mid
20539,Mid
21487,Mid
21551,Mid
49,Mid
87,Mid
839,Mid
933,Mid
1137,Mid
1798,Mid
2339,Mid
2421,Mid
2938,Mid
4776,Mid
5757,Mid
8608,Mid
9169,Mid
9468,Mid
10613,Mid
10858,Mid
10906,Mid
11821,Mid
13217,Mid
14217,Mid
14281,Mid
14332,Mid
14605,Mid
14877,Mid
15314,Mid
15399,Mid
15466,Mid
15509,Mid
15551,Mid
15610,Mid
15656,Mid
15838,Mid
15887,Mid
16077,Mid
17029,Mid
17697,Mid
17782,Mid
17866,Mid
18112,Mid
18746,Mid
19355,Mid
19367,Mid
19487,Mid
19649,Mid
19759,Mid
20115,Mid
20595,Mid
20601,Mid
20715,Mid
20921,Mid
20976,Mid
21415,Mid
173,Mid
1412,Mid
1516,Mid
2174,Mid
2219,Mid
2658,Mid
3322,Mid
3783,Mid
3823,Mid
4403,Mid
4443,Mid
4650,Mid
5059,Mid
5224,Mid
5598,Mid
6993,Mid
8915,Mid
9044,Mid
9509,Mid
9565,Mid
10390,Mid
10432,Mid
10551,Mid
10873,Mid
11277,Mid
11799,Mid
12311,Mid
12442,Mid
12743,Mid
12944,Mid
13317,Mid
14415,Mid
14718,Mid
14885,Mid
15094,Mid
15692,Mid
16212,Mid
17393,Mid
17449,Mid
20095,Mid
20163,Mid
20477,Mid
20766,Mid
21383,Mid
21483,Mid
21811,Mid
158,Mid
666,Mid
2600,Mid
3596,Mid
3975,Mid
4138,Mid
4212,Mid
4790,Mid
6695,Mid
7823,Mid
8776,Mid
11103,Mid
11483,Mid
11574,Mid
11848,Mid
12092,Mid
12143,Mid
13356,Mid
13774,Mid
13829,Mid
14103,Mid
15129,Mid
15216,Mid
15707,Mid
15884,Mid
16658,Mid
16967,Mid
16976,Mid
17164,Mid
18481,Mid
18617,Mid
18946,Mid
19156,Mid
19301,Mid
19905,Mid
20229,Mid
20276,Mid
20318,Mid
20696,Mid
21486,Mid
21524,Mid
21750,Mid
21921,Mid
21996,Mid
1416,Mid
1596,Mid
1910,Mid
2170,Mid
3006,Mid
3283,Mid
3650,Mid
3832,Mid
4208,Mid
4460,Mid
5172,Mid
5490,Mid
6746,Mid
7896,Mid
8068,Mid
8271,Mid
9268,Mid
9693,Mid
9847,Mid
10131,Mid
10199,Mid
10216,Mid
10399,Mid
10854,Mid
11026,Mid
12315,Mid
12351,Mid
13699,Mid
13878,Mid
14019,Mid
14297,Mid
14303,Mid
15311,Mid
15756,Mid
16352,Mid
16683,Mid
17092,Mid
17877,Mid
17896,Mid
17981,Mid
18607,Mid
18865,Mid
19443,Mid
20722,Mid
21681,Mid
21797,Mid
960,Mid
1025,Mid
1865,Mid
1932,Mid
2187,Mid
2309,Mid
2946,Mid
3331,Mid
4266,Mid
4667,Mid
4999,Mid
5655,Mid
7525,Mid
7740,Mid
8480,Mid
8636,Mid
9254,Mid
9469,Mid
10285,Mid
10516,Mid
10564,Mid
10725,Mid
10905,Mid
10943,Mid
11415,Mid
11520,Mid
11628,Mid
11875,Mid
12046,Mid
12126,Mid
12136,Mid
12153,Mid
12211,Mid
12295,Mid
13417,Mid
13602,Mid
13741,Mid
13966,Mid
14017,Mid
14947,Mid
15373,Mid
15975,Mid
16009,Mid
16485,Mid
16817,Mid
17001,Mid
17443,Mid
17500,Mid
17994,Mid
18325,Mid
18686,Mid
19034,Mid
19307,Mid
19482,Mid
19535,Mid
19562,Mid
19776,Mid
20268,Mid
21211,Mid
21439,Mid
21833,Mid
21988,Mid
275,Mid
451,Mid
610,Mid
1389,Mid
1869,Mid
2019,Mid
2613,Mid
3109,Mid
3323,Mid
3705,Mid
5644,Mid
5755,Mid
6066,Mid
6629,Mid
7665,Mid
7941,Mid
7987,Mid
8161,Mid
8505,Mid
9157,Mid
9331,Mid
10096,Mid
11308,Mid
11506,Mid
11613,Mid
12012,Mid
12197,Mid
13285,Mid
13349,Mid
13523,Mid
14007,Mid
14009,Mid
14472,Mid
14531,Mid
15430,Mid
15498,Mid
15848,Mid
16369,Mid
16613,Mid
17346,Mid
18232,Mid
18519,Mid
18613,Mid
18803,Mid
18912,Mid
18992,Mid
19369,Mid
19726,Mid
20238,Mid
20254,Mid
20547,Mid
21189,Mid
21513,Mid
21514,Mid
21522,Mid
252,Mid
362,Mid
757,Mid
829,Mid
1017,Mid
1405,Mid
1630,Mid
1956,Mid
2473,Mid
2709,Mid
2818,Mid
3796,Mid
3998,Mid
4204,Mid
4746,Mid
4794,Mid
4976,Mid
6726,Mid
7390,Mid
7655,Mid
7974,Mid
8376,Mid
8400,Mid
8715,Mid
8844,Mid
8975,Mid
9121,Mid
9987,Mid
11712,Mid
12486,Mid
12572,Mid
12761,Mid
13494,Mid
13955,Mid
14125,Mid
14767,Mid
15306,Mid
15729,Mid
16140,Mid
16226,Mid
16295,Mid
16722,Mid
17096,Mid
18225,Mid
18337,Mid
19200,Mid
19231,Mid
19244,Mid
19871,Mid
21406,Mid
21408,Mid
21431,Mid
79,Mid
453,Mid
2528,Mid
2567,Mid
2902,Mid
3035,Mid
3199,Mid
3637,Mid
3648,Mid
4970,Mid
5074,Mid
5578,Mid
6450,Mid
6719,Mid
6862,Mid
8179,Mid
8261,Mid
8429,Mid
8478,Mid
8676,Mid
9051,Mid
9274,Mid
10453,Mid
10954,Mid
11589,Mid
11977,Mid
12912,Mid
13088,Mid
13409,Mid
13488,Mid
13938,Mid
14707,Mid
15111,Mid
17809,Mid
18364,Mid
18492,Mid
18596,Mid
18742,Mid
19279,Mid
19781,Mid
20239,Mid
20668,Mid
20852,Mid
387,Mid
523,Mid
630,Mid
716,Mid
809,Mid
1615,Mid
1744,Mid
1858,Mid
3251,Mid
3552,Mid
3997,Mid
4354,Mid
4736,Mid
5023,Mid
5362,Mid
6905,Mid
8773,Mid
8925,Mid
9280,Mid
9370,Mid
9379,Mid
10058,Mid
10302,Mid
10893,Mid
11595,Mid
11925,Mid
12140,Mid
13039,Mid
13688,Mid
13801,Mid
13937,Mid
13972,Mid
14081,Mid
14310,Mid
14572,Mid
14591,Mid
15370,Mid
15389,Mid
15538,Mid
15908,Mid
16243,Mid
16475,Mid
17197,Mid
17501,Mid
17542,Mid
17611,Mid
17860,Mid
17944,Mid
18456,Mid
18498,Mid
19161,Mid
19643,Mid
19762,Mid
20432,Mid
20975,Mid
21821,Mid
77,Mid
467,Mid
549,Mid
1268,Mid
1403,Mid
3098,Mid
4588,Mid
4789,Mid
4994,Mid
5592,Mid
5646,Mid
5853,Mid
6157,Mid
6182,Mid
6192,Mid
6657,Mid
7477,Mid
7754,Mid
8312,Mid
8464,Mid
8979,Mid
8986,Mid
9265,Mid
9601,Mid
10084,Mid
10337,Mid
10795,Mid
11133,Mid
11984,Mid
12708,Mid
13018,Mid
13060,Mid
13087,Mid
13197,Mid
13308,Mid
13484,Mid
13622,Mid
14619,Mid
14659,Mid
14703,Mid
14906,Mid
16262,Mid
16698,Mid
17159,Mid
17371,Mid
17727,Mid
17804,Mid
18349,Mid
18815,Mid
19095,Mid
19808,Mid
19892,Mid
20086,Mid
20851,Mid
21072,Mid
72,Mid
263,Mid
571,Mid
711,Mid
862,Mid
903,Mid
961,Mid
1305,Mid
1715,Mid
1775,Mid
2172,Mid
2222,Mid
2231,Mid
2468,Mid
2749,Mid
2929,Mid
4017,Mid
4137,Mid
4299,Mid
4461,Mid
4665,Mid
4983,Mid
5247,Mid
5434,Mid
5502,Mid
5841,Mid
5932,Mid
6524,Mid
7686,Mid
8262,Mid
8820,Mid
8978,Mid
10151,Mid
10220,Mid
10229,Mid
11347,Mid
11447,Mid
12191,Mid
12713,Mid
12803,Mid
12809,Mid
13128,Mid
13232,Mid
13538,Mid
13780,Mid
14023,Mid
14563,Mid
14979,Mid
15229,Mid
15295,Mid
15305,Mid
15310,Mid
15816,Mid
15949,Mid
16293,Mid
16467,Mid
17476,Mid
17674,Mid
17814,Mid
18330,Mid
19481,Mid
19522,Mid
19633,Mid
19888,Mid
20123,Mid
20366,Mid
20698,Mid
21044,Mid
21746,Mid
191,Mid
273,Mid
713,Mid
771,Mid
1014,Mid
1036,Mid
1394,Mid
1868,Mid
2070,Mid
2098,Mid
2502,Mid
2648,Mid
2736,Mid
2826,Mid
2829,Mid
2978,Mid
3136,Mid
3466,Mid
3585,Mid
3668,Mid
3864,Mid
3871,Mid
4636,Mid
4639,Mid
4819,Mid
4958,Mid
6184,Mid
7360,Mid
7398,Mid
7586,Mid
8835,Mid
9179,Mid
9434,Mid
10789,Mid
10816,Mid
10969,Mid
11381,Mid
12216,Mid
12856,Mid
13581,Mid
14581,Mid
14675,Mid
14701,Mid
14721,Mid
14753,Mid
15447,Mid
15657,Mid
15825,Mid
15978,Mid
16391,Mid
16671,Mid
16972,Mid
16974,Mid
17149,Mid
17157,Mid
17584,Mid
17795,Mid
18649,Mid
18831,Mid
18913,Mid
19452,Mid
19493,Mid
19816,Mid
20576,Mid
20935,Mid
21560,Mid
21801,Mid
21878,Mid
21971,Mid
145,Mid
714,Mid
1335,Mid
2205,Mid
2854,Mid
3233,Mid
3534,Mid
4703,Mid
5253,Mid
5420,Mid
5465,Mid
5534,Mid
8335,Mid
8372,Mid
8466,Mid
8855,Mid
9449,Mid
9530,Mid
9575,Mid
9919,Mid
10063,Mid
10433,Mid
10837,Mid
12517,Mid
12529,Mid
12890,Mid
13132,Mid
13400,Mid
13618,Mid
13678,Mid
14428,Mid
14555,Mid
14564,Mid
14698,Mid
15165,Mid
15303,Mid
15565,Mid
15663,Mid
15720,Mid
15836,Mid
16087,Mid
16098,Mid
16427,Mid
16995,Mid
17118,Mid
17308,Mid
17540,Mid
18006,Mid
18203,Mid
18468,Mid
18932,Mid
19010,Mid
19894,Mid
20171,Mid
20602,Mid
85,Mid
1004,Mid
1616,Mid
1670,Mid
2261,Mid
2403,Mid
2455,Mid
2804,Mid
3129,Mid
3161,Mid
3355,Mid
3899,Mid
3903,Mid
4087,Mid
5012,Mid
5370,Mid
5740,Mid
6111,Mid
6481,Mid
6723,Mid
6950,Mid
7112,Mid
7490,Mid
7523,Mid
8222,Mid
8449,Mid
8679,Mid
8967,Mid
8981,Mid
8992,Mid
9306,Mid
9418,Mid
9628,Mid
11580,Mid
11687,Mid
12171,Mid
12307,Mid
13054,Mid
13592,Mid
13710,Mid
14625,Mid
14666,Mid
14699,Mid
14739,Mid
16365,Mid
16480,Mid
17196,Mid
17710,Mid
18341,Mid
18521,Mid
18602,Mid
19329,Mid
19486,Mid
19578,Mid
19653,Mid
20074,Mid
20346,Mid
20897,Mid
21233,Mid
21241,Mid
21369,Mid
21611,Mid
55,Mid
1471,Mid
1536,Mid
2095,Mid
3294,Mid
3457,Mid
3855,Mid
4197,Mid
4985,Mid
5062,Mid
5358,Mid
5372,Mid
5516,Mid
5601,Mid
5611,Mid
7020,Mid
7270,Mid
7702,Mid
7766,Mid
7905,Mid
8373,Mid
8840,Mid
8973,Mid
9231,Mid
9356,Mid
9369,Mid
9734,Mid
9739,Mid
10395,Mid
10685,Mid
11615,Mid
11666,Mid
11720,Mid
12353,Mid
12363,Mid
12647,Mid
12808,Mid
13011,Mid
13965,Mid
13982,Mid
14347,Mid
14377,Mid
14523,Mid
14553,Mid
15416,Mid
15666,Mid
15869,Mid
16327,Mid
16505,Mid
16947,Mid
17829,Mid
17943,Mid
17965,Mid
18444,Mid
18576,Mid
18600,Mid
19031,Mid
19430,Mid
19563,Mid
19688,Mid
19936,Mid
20051,Mid
20155,Mid
20769,Mid
21183,Mid
21796,Mid
318,Mid
434,Mid
873,Mid
1113,Mid
1409,Mid
1496,Mid
1929,Mid
2049,Mid
2833,Mid
2856,Mid
2948,Mid
3012,Mid
3045,Mid
3530,Mid
3549,Mid
3610,Mid
3819,Mid
3893,Mid
4045,Mid
4421,Mid
4513,Mid
4832,Mid
5055,Mid
5232,Mid
5832,Mid
6412,Mid
6518,Mid
6849,Mid
6853,Mid
6887,Mid
7369,Mid
7644,Mid
8151,Mid
8830,Mid
8969,Mid
9030,Mid
9250,Mid
9353,Mid
10021,Mid
10318,Mid
10847,Mid
11096,Mid
11309,Mid
12015,Mid
12465,Mid
12917,Mid
13148,Mid
13325,Mid
13487,Mid
15409,Mid
15642,Mid
16802,Mid
17515,Mid
17843,Mid
17980,Mid
17985,Mid
18406,Mid
18455,Mid
18502,Mid
18685,Mid
18999,Mid
19313,Mid
19384,Mid
19428,Mid
19463,Mid
19468,Mid
19532,Mid
19538,Mid
20484,Mid
20548,Mid
20656,Mid
20658,Mid
20790,Mid
21775,Mid
21920,Mid
21927,Mid
541,Mid
1406,Mid
1697,Mid
1776,Mid
2879,Mid
2966,Mid
2983,Mid
3034,Mid
3086,Mid
3306,Mid
3721,Mid
4457,Mid
5009,Mid
5477,Mid
5523,Mid
6181,Mid
6367,Mid
6549,Mid
6635,Mid
6736,Mid
7096,Mid
7399,Mid
7435,Mid
7478,Mid
7793,Mid
8263,Mid
8621,Mid
8980,Mid
9054,Mid
9113,Mid
9272,Mid
9474,Mid
10076,Mid
10934,Mid
10991,Mid
11892,Mid
12080,Mid
12160,Mid
12257,Mid
12278,Mid
12416,Mid
12480,Mid
12938,Mid
13205,Mid
13365,Mid
13660,Mid
13766,Mid
13925,Mid
13927,Mid
13933,Mid
13978,Mid
14309,Mid
14559,Mid
14830,Mid
15518,Mid
17116,Mid
17455,Mid
17481,Mid
17682,Mid
17691,Mid
18114,Mid
18344,Mid
18624,Mid
19351,Mid
19362,Mid
19581,Mid
19648,Mid
19664,Mid
19945,Mid
19981,Mid
20041,Mid
20289,Mid
20669,Mid
20735,Mid
20998,Mid
21186,Mid
21717,Mid
21748,Mid
21911,Mid
101,Mid
435,Mid
595,Mid
823,Mid
875,Mid
1009,Mid
1434,Mid
1467,Mid
1517,Mid
1524,Mid
1563,Mid
1581,Mid
1957,Mid
2065,Mid
2229,Mid
2395,Mid
3121,Mid
3483,Mid
4018,Mid
4508,Mid
5805,Mid
5974,Mid
6692,Mid
6701,Mid
6842,Mid
6907,Mid
6980,Mid
7288,Mid
7374,Mid
7626,Mid
8259,Mid
8288,Mid
8572,Mid
9173,Mid
9755,Mid
10023,Mid
10656,Mid
10919,Mid
11333,Mid
13502,Mid
13708,Mid
14257,Mid
14457,Mid
14476,Mid
14546,Mid
15235,Mid
15420,Mid
16112,Mid
16607,Mid
17202,Mid
17486,Mid
18536,Mid
19401,Mid
19849,Mid
19856,Mid
20173,Mid
20273,Mid
20388,Mid
20506,Mid
21452,Mid
21650,Mid
21830,Mid
21890,Mid
69,Mid
342,Mid
532,Mid
534,Mid
1024,Mid
1503,Mid
2311,Mid
2467,Mid
3015,Mid
3026,Mid
3578,Mid
3883,Mid
3970,Mid
3971,Mid
4031,Mid
4079,Mid
4300,Mid
4534,Mid
4646,Mid
4767,Mid
4847,Mid
4857,Mid
5339,Mid
5533,Mid
5752,Mid
5778,Mid
5854,Mid
6180,Mid
6715,Mid
6880,Mid
6991,Mid
7667,Mid
7716,Mid
7904,Mid
7939,Mid
8053,Mid
8313,Mid
8334,Mid
8337,Mid
8657,Mid
8819,Mid
8832,Mid
8898,Mid
8950,Mid
9010,Mid
9038,Mid
9406,Mid
9775,Mid
10330,Mid
10541,Mid
10624,Mid
10936,Mid
11343,Mid
11480,Mid
11486,Mid
12198,Mid
12327,Mid
12389,Mid
12709,Mid
12755,Mid
12762,Mid
12768,Mid
12926,Mid
13567,Mid
14037,Mid
14085,Mid
14111,Mid
14245,Mid
14388,Mid
14759,Mid
14766,Mid
15304,Mid
15517,Mid
15767,Mid
15906,Mid
16093,Mid
16342,Mid
16962,Mid
17840,Mid
17922,Mid
18647,Mid
18862,Mid
19250,Mid
19489,Mid
19570,Mid
19710,Mid
20205,Mid
20207,Mid
20689,Mid
20888,Mid
20900,Mid
20904,Mid
21039,Mid
21149,Mid
21151,Mid
21429,Mid
21464,Mid
21805,Mid
21951,Mid
208,Mid
417,Mid
515,Mid
719,Mid
1031,Mid
1118,Mid
1196,Mid
1243,Mid
1464,Mid
1531,Mid
1543,Mid
2012,Mid
2531,Mid
2538,Mid
2862,Mid
3187,Mid
3202,Mid
3230,Mid
3260,Mid
3412,Mid
3467,Mid
3606,Mid
3954,Mid
3955,Mid
3979,Mid
4231,Mid
4494,Mid
4559,Mid
4590,Mid
4956,Mid
6012,Mid
6085,Mid
6290,Mid
6621,Mid
7278,Mid
7496,Mid
7648,Mid
7758,Mid
8759,Mid
8897,Mid
8919,Mid
10114,Mid
10405,Mid
10563,Mid
10658,Mid
11187,Mid
11199,Mid
11593,Mid
12285,Mid
12466,Mid
12894,Mid
12918,Mid
13147,Mid
13206,Mid
13366,Mid
13575,Mid
13620,Mid
13726,Mid
13797,Mid
13837,Mid
13851,Mid
15019,Mid
15795,Mid
15901,Mid
15950,Mid
16541,Mid
16956,Mid
16964,Mid
17301,Mid
17516,Mid
17557,Mid
17803,Mid
18417,Mid
18788,Mid
19620,Mid
19712,Mid
19866,Mid
20174,Mid
20525,Mid
20910,Mid
20925,Mid
21013,Mid
21018,Mid
21045,Mid
21054,Mid
21139,Mid
21243,Mid
21509,Mid
21810,Mid
21871,Mid
28,Mid
306,Mid
857,Mid
1126,Mid
1490,Mid
1884,Mid
2015,Mid
2267,Mid
2500,Mid
2554,Mid
2644,Mid
2820,Mid
2865,Mid
3197,Mid
3333,Mid
3672,Mid
4577,Mid
5003,Mid
5093,Mid
5114,Mid
5762,Mid
5920,Mid
5967,Mid
6001,Mid
6002,Mid
6050,Mid
6173,Mid
6277,Mid
6670,Mid
7483,Mid
7783,Mid
7899,Mid
7908,Mid
8011,Mid
8239,Mid
8599,Mid
8755,Mid
8878,Mid
8991,Mid
10359,Mid
10497,Mid
10673,Mid
11734,Mid
11923,Mid
12165,Mid
12684,Mid
12897,Mid
12957,Mid
12987,Mid
13041,Mid
13219,Mid
13427,Mid
13988,Mid
15514,Mid
16205,Mid
16216,Mid
16721,Mid
16793,Mid
17038,Mid
17268,Mid
17359,Mid
17811,Mid
17918,Mid
18857,Mid
19304,Mid
19494,Mid
19867,Mid
19942,Mid
20358,Mid
20480,Mid
20496,Mid
20532,Mid
20838,Mid
20880,Mid
21257,Mid
21265,Mid
21329,Mid
21338,Mid
21349,Mid
196,Mid
366,Mid
1166,Mid
1171,Mid
1527,Mid
2338,Mid
2369,Mid
2485,Mid
2823,Mid
2972,Mid
3709,Mid
3790,Mid
4126,Mid
4524,Mid
4774,Mid
5499,Mid
5692,Mid
5729,Mid
5798,Mid
5983,Mid
6092,Mid
6413,Mid
6591,Mid
6762,Mid
6844,Mid
7476,Mid
7595,Mid
7668,Mid
7955,Mid
7972,Mid
8268,Mid
8349,Mid
8416,Mid
8444,Mid
9291,Mid
10721,Mid
10760,Mid
11006,Mid
11365,Mid
11397,Mid
11537,Mid
11661,Mid
11779,Mid
11876,Mid
12034,Mid
12633,Mid
12827,Mid
13089,Mid
13315,Mid
13604,Mid
13636,Mid
13652,Mid
13677,Mid
13679,Mid
13776,Mid
14178,Mid
15130,Mid
15649,Mid
15956,Mid
16004,Mid
16097,Mid
16176,Mid
16829,Mid
16926,Mid
17194,Mid
17358,Mid
17579,Mid
17878,Mid
18081,Mid
18197,Mid
18560,Mid
18612,Mid
19314,Mid
19415,Mid
19761,Mid
19947,Mid
20438,Mid
21047,Mid
21086,Mid
21279,Mid
21660,Mid
21889,Mid
582,Mid
740,Mid
988,Mid
1242,Mid
1326,Mid
1574,Mid
2380,Mid
2540,Mid
3700,Mid
3746,Mid
4007,Mid
4449,Mid
4472,Mid
4490,Mid
4984,Mid
5006,Mid
5305,Mid
5621,Mid
6022,Mid
6166,Mid
6727,Mid
6884,Mid
7400,Mid
7545,Mid
7721,Mid
8067,Mid
8418,Mid
9000,Mid
9096,Mid
9126,Mid
9188,Mid
9320,Mid
9738,Mid
10126,Mid
10208,Mid
10309,Mid
10439,Mid
10771,Mid
10953,Mid
11098,Mid
11787,Mid
11891,Mid
12396,Mid
12481,Mid
12620,Mid
13007,Mid
13020,Mid
13373,Mid
13451,Mid
13697,Mid
13824,Mid
14302,Mid
15078,Mid
15348,Mid
15490,Mid
15634,Mid
15910,Mid
16503,Mid
16966,Mid
17171,Mid
17311,Mid
17681,Mid
17734,Mid
17736,Mid
17769,Mid
17915,Mid
17925,Mid
17928,Mid
17966,Mid
18384,Mid
19177,Mid
19519,Mid
19594,Mid
19928,Mid
20390,Mid
20768,Mid
20893,Mid
21000,Mid
21137,Mid
21140,Mid
21430,Mid
78,Mid
381,Mid
702,Mid
1943,Mid
2153,Mid
2297,Mid
2603,Mid
2835,Mid
2898,Mid
2936,Mid
2951,Mid
3307,Mid
3619,Mid
3626,Mid
3678,Mid
3687,Mid
3735,Mid
4134,Mid
4450,Mid
4907,Mid
5126,Mid
5174,Mid
5649,Mid
6060,Mid
6062,Mid
6191,Mid
6552,Mid
6852,Mid
6879,Mid
6904,Mid
6944,Mid
6971,Mid
7124,Mid
7886,Mid
7889,Mid
7940,Mid
8024,Mid
8052,Mid
9161,Mid
9210,Mid
10046,Mid
10112,Mid
10238,Mid
10249,Mid
10273,Mid
10584,Mid
10595,Mid
10867,Mid
10949,Mid
11131,Mid
11450,Mid
11717,Mid
12415,Mid
12423,Mid
12671,Mid
12833,Mid
12954,Mid
13080,Mid
13151,Mid
13225,Mid
13429,Mid
13717,Mid
13993,Mid
14275,Mid
14327,Mid
14330,Mid
15312,Mid
15328,Mid
15392,Mid
15810,Mid
15821,Mid
15912,Mid
16026,Mid
16073,Mid
16727,Mid
17729,Mid
17856,Mid
17995,Mid
18220,Mid
18459,Mid
18755,Mid
18966,Mid
19047,Mid
19057,Mid
19080,Mid
19147,Mid
19337,Mid
19590,Mid
19784,Mid
19941,Mid
20670,Mid
21051,Mid
21122,Mid
21204,Mid
21213,Mid
21270,Mid
21402,Mid
21508,Mid
21715,Mid
21970,Mid
444,Mid
888,Mid
1162,Mid
1887,Mid
2100,Mid
2317,Mid
2394,Mid
2423,Mid
2748,Mid
3065,Mid
3263,Mid
3429,Mid
3706,Mid
3867,Mid
3939,Mid
4404,Mid
4584,Mid
4691,Mid
5458,Mid
5535,Mid
5739,Mid
5904,Mid
6176,Mid
6624,Mid
6638,Mid
6781,Mid
8187,Mid
8331,Mid
8397,Mid
8684,Mid
9985,Mid
10517,Mid
10756,Mid
10824,Mid
10885,Mid
11119,Mid
11200,Mid
11304,Mid
11478,Mid
11585,Mid
11862,Mid
12026,Mid
12070,Mid
12133,Mid
12541,Mid
12658,Mid
12879,Mid
13646,Mid
14284,Mid
14350,Mid
14499,Mid
15015,Mid
15251,Mid
15332,Mid
15678,Mid
15792,Mid
16116,Mid
16751,Mid
16949,Mid
17147,Mid
17738,Mid
18085,Mid
18586,Mid
18661,Mid
18732,Mid
18838,Mid
19262,Mid
19269,Mid
19402,Mid
19549,Mid
19887,Mid
20272,Mid
20892,Mid
21074,Mid
21103,Mid
21753,Mid
21764,Mid
12,Mid
265,Mid
289,Mid
394,Mid
738,Mid
1532,Mid
1862,Mid
1891,Mid
2196,Mid
2206,Mid
3004,Mid
3131,Mid
3206,Mid
3225,Mid
3621,Mid
3891,Mid
4000,Mid
4163,Mid
4230,Mid
4381,Mid
4502,Mid
4858,Mid
4874,Mid
5109,Mid
5261,Mid
5355,Mid
5515,Mid
5548,Mid
6737,Mid
6918,Mid
8326,Mid
8654,Mid
8996,Mid
9442,Mid
9728,Mid
10401,Mid
11284,Mid
11930,Mid
12081,Mid
12279,Mid
12366,Mid
12508,Mid
12834,Mid
13457,Mid
13468,Mid
13483,Mid
13498,Mid
13654,Mid
13850,Mid
13998,Mid
14214,Mid
14649,Mid
14731,Mid
14770,Mid
14784,Mid
15044,Mid
15125,Mid
15461,Mid
15827,Mid
15929,Mid
16448,Mid
16510,Mid
16755,Mid
16958,Mid
17339,Mid
17416,Mid
17467,Mid
17593,Mid
17756,Mid
18256,Mid
18426,Mid
18442,Mid
18646,Mid
18828,Mid
18880,Mid
19340,Mid
19410,Mid
19501,Mid
19656,Mid
19706,Mid
19933,Mid
20373,Mid
20515,Mid
20626,Mid
20702,Mid
20803,Mid
21159,Mid
21403,Mid
21495,Mid
22023,Mid
22025,Mid
238,Mid
311,Mid
734,Mid
851,Mid
1266,Mid
1282,Mid
1805,Mid
1963,Mid
2499,Mid
3247,Mid
3865,Mid
4478,Mid
5492,Mid
5642,Mid
5953,Mid
6138,Mid
6579,Mid
6641,Mid
6889,Mid
6897,Mid
6913,Mid
7087,Mid
7393,Mid
7485,Mid
7685,Mid
7694,Mid
7750,Mid
8153,Mid
8893,Mid
9094,Mid
9159,Mid
9348,Mid
9510,Mid
9736,Mid
10389,Mid
10438,Mid
10529,Mid
10986,Mid
11975,Mid
12134,Mid
12298,Mid
12330,Mid
12365,Mid
12868,Mid
13917,Mid
14238,Mid
15350,Mid
15396,Mid
15480,Mid
16478,Mid
17451,Mid
17737,Mid
17758,Mid
17780,Mid
18928,Mid
19090,Mid
19187,Mid
19220,Mid
19403,Mid
19412,Mid
19466,Mid
19576,Mid
19659,Mid
20116,Mid
20659,Mid
20974,Mid
20996,Mid
21520,Mid
21523,Mid
21741,Mid
21813,Mid
21993,Mid
339,Mid
470,Mid
472,Mid
536,Mid
648,Mid
774,Mid
779,Mid
831,Mid
1315,Mid
1671,Mid
1675,Mid
1994,Mid
2479,Mid
2716,Mid
2811,Mid
3119,Mid
3389,Mid
3553,Mid
3738,Mid
3926,Mid
4375,Mid
5008,Mid
5135,Mid
5136,Mid
5500,Mid
5652,Mid
5759,Mid
5816,Mid
6266,Mid
6286,Mid
6645,Mid
6973,Mid
7643,Mid
8004,Mid
8048,Mid
8369,Mid
8701,Mid
8713,Mid
9182,Mid
9201,Mid
10018,Mid
10050,Mid
10071,Mid
10313,Mid
10326,Mid
10864,Mid
11039,Mid
11416,Mid
11576,Mid
11791,Mid
11949,Mid
11968,Mid
12017,Mid
12221,Mid
12457,Mid
13309,Mid
13713,Mid
13870,Mid
14065,Mid
14264,Mid
14418,Mid
14471,Mid
14590,Mid
14672,Mid
14916,Mid
15043,Mid
15424,Mid
16105,Mid
16118,Mid
16154,Mid
16160,Mid
16267,Mid
17192,Mid
18226,Mid
18916,Mid
18987,Mid
19940,Mid
20104,Mid
20266,Mid
20350,Mid
20654,Mid
21197,Mid
21252,Mid
21466,Mid
21646,Mid
21819,Mid
47,Mid
340,Mid
547,Mid
1619,Mid
2142,Mid
2211,Mid
2319,Mid
2934,Mid
3113,Mid
3145,Mid
3492,Mid
3666,Mid
3874,Mid
4057,Mid
4165,Mid
4340,Mid
4455,Mid
4864,Mid
4929,Mid
5357,Mid
6113,Mid
6265,Mid
6551,Mid
6846,Mid
7064,Mid
7704,Mid
8075,Mid
8124,Mid
8305,Mid
8895,Mid
10354,Mid
10843,Mid
11099,Mid
11395,Mid
11420,Mid
11487,Mid
11489,Mid
11598,Mid
11914,Mid
11924,Mid
12234,Mid
12402,Mid
12814,Mid
12895,Mid
13066,Mid
13202,Mid
13223,Mid
13689,Mid
14104,Mid
14215,Mid
14399,Mid
14584,Mid
14697,Mid
15815,Mid
15861,Mid
15961,Mid
16477,Mid
16484,Mid
17219,Mid
17240,Mid
17461,Mid
18027,Mid
18294,Mid
18400,Mid
18439,Mid
18464,Mid
18750,Mid
18879,Mid
19096,Mid
19453,Mid
19708,Mid
19836,Mid
19910,Mid
19926,Mid
20926,Mid
21258,Mid
21455,Mid
21605,Mid
21893,Mid
21899,Mid
22022,Mid
100,Mid
139,Mid
683,Mid
691,Mid
731,Mid
1123,Mid
1140,Mid
1759,Mid
1806,Mid
1962,Mid
1982,Mid
2368,Mid
2459,Mid
2626,Mid
2750,Mid
3299,Mid
3312,Mid
3508,Mid
4004,Mid
4054,Mid
4144,Mid
4278,Mid
4328,Mid
4574,Mid
4792,Mid
4939,Mid
5032,Mid
5791,Mid
5892,Mid
5945,Mid
6068,Mid
6137,Mid
6183,Mid
6808,Mid
7203,Mid
7530,Mid
7547,Mid
7749,Mid
7844,Mid
8000,Mid
8223,Mid
8283,Mid
8754,Mid
8764,Mid
9508,Mid
9552,Mid
9683,Mid
9979,Mid
11027,Mid
11110,Mid
11255,Mid
11283,Mid
11910,Mid
11974,Mid
12024,Mid
12119,Mid
12418,Mid
12614,Mid
12745,Mid
12813,Mid
13092,Mid
13117,Mid
13222,Mid
13532,Mid
13975,Mid
14274,Mid
14475,Mid
14508,Mid
14622,Mid
15238,Mid
15269,Mid
15393,Mid
15559,Mid
15662,Mid
16114,Mid
16332,Mid
16630,Mid
16687,Mid
16767,Mid
18454,Mid
18760,Mid
18787,Mid
18824,Mid
18903,Mid
19111,Mid
19509,Mid
20029,Mid
20323,Mid
20653,Mid
20771,Mid
20883,Mid
20957,Mid
21023,Mid
21125,Mid
21397,Mid
21413,Mid
21676,Mid
18,Mid
131,Mid
178,Mid
629,Mid
724,Mid
758,Mid
833,Mid
1108,Mid
1395,Mid
2302,Mid
2642,Mid
2784,Mid
3214,Mid
3392,Mid
3465,Mid
3535,Mid
3616,Mid
3811,Mid
4130,Mid
4643,Mid
4658,Mid
5070,Mid
5347,Mid
5554,Mid
5624,Mid
5653,Mid
5694,Mid
5959,Mid
6064,Mid
6234,Mid
6439,Mid
6881,Mid
7239,Mid
8006,Mid
8059,Mid
8467,Mid
8473,Mid
8611,Mid
8837,Mid
8929,Mid
9018,Mid
9278,Mid
9318,Mid
9531,Mid
9607,Mid
9675,Mid
9836,Mid
9945,Mid
10005,Mid
10210,Mid
10217,Mid
10558,Mid
10586,Mid
10875,Mid
11568,Mid
11611,Mid
11742,Mid
12273,Mid
12387,Mid
12440,Mid
12850,Mid
13042,Mid
13153,Mid
13179,Mid
13203,Mid
13338,Mid
13476,Mid
13586,Mid
13737,Mid
13892,Mid
14191,Mid
14276,Mid
14348,Mid
14527,Mid
14594,Mid
14748,Mid
14765,Mid
15047,Mid
15212,Mid
15402,Mid
15616,Mid
16109,Mid
16307,Mid
16583,Mid
16638,Mid
16910,Mid
17123,Mid
17144,Mid
17307,Mid
17412,Mid
17517,Mid
17839,Mid
17847,Mid
18365,Mid
18527,Mid
19020,Mid
19285,Mid
19931,Mid
20231,Mid
20235,Mid
20345,Mid
20404,Mid
20430,Mid
20497,Mid
20628,Mid
20685,Mid
20850,Mid
397,Mid
805,Mid
1578,Mid
1699,Mid
1843,Mid
1860,Mid
2199,Mid
2632,Mid
2638,Mid
2755,Mid
2777,Mid
2801,Mid
3480,Mid
3820,Mid
4152,Mid
4172,Mid
4235,Mid
4892,Mid
5044,Mid
5317,Mid
5511,Mid
5698,Mid
5703,Mid
6030,Mid
6081,Mid
6160,Mid
6376,Mid
6516,Mid
6706,Mid
6749,Mid
6984,Mid
7065,Mid
7404,Mid
7900,Mid
8103,Mid
8210,Mid
8270,Mid
8663,Mid
8743,Mid
9093,Mid
9181,Mid
9590,Mid
9863,Mid
10017,Mid
10429,Mid
10635,Mid
10677,Mid
10874,Mid
10926,Mid
10930,Mid
11571,Mid
11812,Mid
12346,Mid
12557,Mid
12717,Mid
12735,Mid
12776,Mid
12902,Mid
13220,Mid
13462,Mid
14058,Mid
14671,Mid
14710,Mid
14892,Mid
14907,Mid
15261,Mid
15293,Mid
15422,Mid
15606,Mid
15670,Mid
15682,Mid
17195,Mid
17282,Mid
18326,Mid
18441,Mid
18515,Mid
18604,Mid
18823,Mid
18854,Mid
18967,Mid
19122,Mid
19133,Mid
19485,Mid
19635,Mid
19697,Mid
19700,Mid
19745,Mid
20271,Mid
20274,Mid
20398,Mid
20447,Mid
20739,Mid
20927,Mid
21132,Mid
21254,Mid
21458,Mid
21575,Mid
21853,Mid
21936,Mid
21964,Mid
21984,Mid
42,Mid
111,Mid
287,Mid
351,Mid
433,Mid
754,Mid
824,Mid
868,Mid
1120,Mid
1257,Mid
1269,Mid
2039,Mid
2250,Mid
2345,Mid
2511,Mid
2544,Mid
2585,Mid
2767,Mid
3138,Mid
3239,Mid
3435,Mid
3472,Mid
3756,Mid
3759,Mid
4014,Mid
4220,Mid
4376,Mid
4453,Mid
4690,Mid
5075,Mid
5211,Mid
5580,Mid
5894,Mid
6069,Mid
6608,Mid
6958,Mid
7023,Mid
7464,Mid
7689,Mid
7887,Mid
8474,Mid
8767,Mid
9290,Mid
9765,Mid
10292,Mid
10310,Mid
10891,Mid
11146,Mid
11422,Mid
11895,Mid
12172,Mid
12209,Mid
12293,Mid
12636,Mid
12859,Mid
12911,Mid
12923,Mid
12964,Mid
13016,Mid
13196,Mid
13405,Mid
13690,Mid
14035,Mid
14216,Mid
14346,Mid
14351,Mid
14440,Mid
14485,Mid
14602,Mid
14969,Mid
15022,Mid
15055,Mid
15599,Mid
15709,Mid
15724,Mid
15989,Mid
16136,Mid
16312,Mid
16371,Mid
16527,Mid
16621,Mid
17022,Mid
17110,Mid
17217,Mid
17350,Mid
17992,Mid
18458,Mid
18470,Mid
18516,Mid
18820,Mid
19011,Mid
19297,Mid
19544,Mid
19584,Mid
19646,Mid
19812,Mid
19959,Mid
19967,Mid
20260,Mid
20281,Mid
20594,Mid
20666,Mid
21096,Mid
21255,Mid
138,Mid
141,Mid
154,Mid
172,Mid
310,Mid
570,Mid
854,Mid
863,Mid
896,Mid
902,Mid
1139,Mid
1194,Mid
1333,Mid
1608,Mid
1906,Mid
1934,Mid
2283,Mid
2307,Mid
2494,Mid
2555,Mid
3219,Mid
3443,Mid
3498,Mid
3651,Mid
3836,Mid
4101,Mid
4136,Mid
4538,Mid
4810,Mid
4906,Mid
5318,Mid
5921,Mid
6010,Mid
6156,Mid
7040,Mid
7842,Mid
7945,Mid
8037,Mid
8050,Mid
8234,Mid
8295,Mid
8348,Mid
8541,Mid
8694,Mid
8839,Mid
8896,Mid
9196,Mid
9426,Mid
9464,Mid
9619,Mid
9811,Mid
10202,Mid
10368,Mid
10430,Mid
10547,Mid
10609,Mid
10631,Mid
10801,Mid
10937,Mid
11142,Mid
11377,Mid
11726,Mid
11788,Mid
12184,Mid
12189,Mid
12228,Mid
12496,Mid
12646,Mid
12874,Mid
12967,Mid
12979,Mid
13209,Mid
13474,Mid
13555,Mid
13666,Mid
13680,Mid
13867,Mid
14000,Mid
14031,Mid
14112,Mid
14175,Mid
14322,Mid
14417,Mid
14420,Mid
14604,Mid
14751,Mid
15120,Mid
15243,Mid
15294,Mid
15324,Mid
15673,Mid
15773,Mid
15955,Mid
16186,Mid
16560,Mid
16758,Mid
16766,Mid
17257,Mid
17879,Mid
17948,Mid
17958,Mid
18023,Mid
18229,Mid
18404,Mid
18548,Mid
18849,Mid
19079,Mid
19114,Mid
19305,Mid
19406,Mid
19444,Mid
19447,Mid
19523,Mid
19526,Mid
19539,Mid
19666,Mid
19935,Mid
19960,Mid
20186,Mid
20253,Mid
21035,Mid
21127,Mid
21199,Mid
21385,Mid
21409,Mid
21445,Mid
21548,Mid
21581,Mid
21586,Mid
21623,Mid
22021,Mid
143,Mid
429,Mid
436,Mid
530,Mid
559,Mid
642,Mid
783,Mid
817,Mid
1125,Mid
1176,Mid
1378,Mid
1681,Mid
2090,Mid
2645,Mid
2895,Mid
2930,Mid
3588,Mid
3603,Mid
4016,Mid
4342,Mid
4470,Mid
4537,Mid
4547,Mid
4648,Mid
5295,Mid
5468,Mid
5575,Mid
5742,Mid
5930,Mid
6125,Mid
6256,Mid
6352,Mid
6866,Mid
6894,Mid
7264,Mid
7272,Mid
7832,Mid
7874,Mid
7970,Mid
8003,Mid
8060,Mid
8128,Mid
8284,Mid
8286,Mid
8315,Mid
8346,Mid
8863,Mid
8927,Mid
8947,Mid
9801,Mid
10049,Mid
10560,Mid
10573,Mid
11040,Mid
11591,Mid
12053,Mid
12420,Mid
12599,Mid
12769,Mid
12771,Mid
12959,Mid
13159,Mid
13329,Mid
13814,Mid
14077,Mid
14090,Mid
14163,Mid
14224,Mid
14237,Mid
14263,Mid
14376,Mid
14408,Mid
14503,Mid
14516,Mid
14712,Mid
14901,Mid
14903,Mid
14910,Mid
14978,Mid
15137,Mid
15191,Mid
15223,Mid
15440,Mid
15550,Mid
15882,Mid
15977,Mid
16046,Mid
16096,Mid
16150,Mid
16436,Mid
16455,Mid
17061,Mid
17304,Mid
17336,Mid
17472,Mid
17488,Mid
18255,Mid
18283,Mid
18791,Mid
18931,Mid
18935,Mid
18991,Mid
19041,Mid
19118,Mid
19136,Mid
19476,Mid
19574,Mid
20018,Mid
20246,Mid
20609,Mid
20660,Mid
20901,Mid
21312,Mid
21554,Mid
21580,Mid
21818,Mid
22019,Mid
34,Mid
193,Mid
892,Mid
949,Mid
953,Mid
1007,Mid
1087,Mid
1192,Mid
1206,Mid
1254,Mid
1380,Mid
1760,Mid
1761,Mid
1831,Mid
2131,Mid
2225,Mid
2241,Mid
2284,Mid
2449,Mid
2516,Mid
3584,Mid
3692,Mid
3754,Mid
3764,Mid
3916,Mid
4019,Mid
4196,Mid
4291,Mid
4751,Mid
4972,Mid
5022,Mid
5067,Mid
5212,Mid
5408,Mid
5432,Mid
5595,Mid
5666,Mid
5751,Mid
5950,Mid
6033,Mid
6479,Mid
6506,Mid
6666,Mid
6724,Mid
6764,Mid
6867,Mid
7066,Mid
7079,Mid
7472,Mid
7688,Mid
7799,Mid
7804,Mid
7860,Mid
7912,Mid
7962,Mid
8108,Mid
8177,Mid
8200,Mid
8358,Mid
8413,Mid
8515,Mid
8577,Mid
8640,Mid
8641,Mid
8765,Mid
8785,Mid
8920,Mid
8932,Mid
9127,Mid
9207,Mid
9400,Mid
9472,Mid
9548,Mid
10081,Mid
10459,Mid
10515,Mid
11067,Mid
11150,Mid
11345,Mid
11353,Mid
11519,Mid
11594,Mid
11693,Mid
11778,Mid
11790,Mid
12045,Mid
12055,Mid
12683,Mid
12829,Mid
12981,Mid
13355,Mid
13512,Mid
13617,Mid
13639,Mid
13658,Mid
13765,Mid
14156,Mid
14167,Mid
14235,Mid
14304,Mid
14338,Mid
14723,Mid
14787,Mid
14925,Mid
15034,Mid
15082,Mid
15153,Mid
15266,Mid
15351,Mid
15603,Mid
15629,Mid
15631,Mid
15829,Mid
16545,Mid
16569,Mid
16985,Mid
16997,Mid
17047,Mid
17075,Mid
17233,Mid
17452,Mid
17528,Mid
17937,Mid
18062,Mid
18321,Mid
18350,Mid
18437,Mid
18447,Mid
18585,Mid
19127,Mid
19186,Mid
19230,Mid
19242,Mid
19248,Mid
20099,Mid
20181,Mid
20214,Mid
20258,Mid
20325,Mid
20431,Mid
20621,Mid
20794,Mid
21160,Mid
21248,Mid
21622,Mid
21695,Mid
21793,Mid
21898,Mid
22014,Mid
80,Mid
226,Mid
791,Mid
811,Mid
853,Mid
940,Mid
1289,Mid
1808,Mid
1911,Mid
2078,Mid
2158,Mid
2306,Mid
2542,Mid
2623,Mid
2726,Mid
2735,Mid
2779,Mid
2891,Mid
3018,Mid
3265,Mid
3781,Mid
4119,Mid
4314,Mid
4396,Mid
4579,Mid
4635,Mid
4777,Mid
5175,Mid
5685,Mid
5851,Mid
5980,Mid
6189,Mid
6406,Mid
6598,Mid
6752,Mid
7100,Mid
7211,Mid
7560,Mid
7587,Mid
8131,Mid
8269,Mid
8278,Mid
8470,Mid
8614,Mid
8648,Mid
8707,Mid
8751,Mid
8999,Mid
9039,Mid
9047,Mid
9092,Mid
9135,Mid
9724,Mid
9768,Mid
9900,Mid
9925,Mid
10121,Mid
10369,Mid
10633,Mid
10938,Mid
11074,Mid
11549,Mid
11620,Mid
11851,Mid
12001,Mid
12044,Mid
12050,Mid
12321,Mid
12467,Mid
12665,Mid
12666,Mid
12756,Mid
12772,Mid
12889,Mid
13410,Mid
13682,Mid
13700,Mid
13785,Mid
14171,Mid
14764,Mid
14928,Mid
14959,Mid
15077,Mid
15395,Mid
15516,Mid
16095,Mid
16203,Mid
16368,Mid
16442,Mid
16465,Mid
16481,Mid
16535,Mid
16544,Mid
16668,Mid
16957,Mid
17046,Mid
17882,Mid
17902,Mid
17920,Mid
17964,Mid
18250,Mid
18648,Mid
18825,Mid
18963,Mid
18986,Mid
18996,Mid
19015,Mid
19063,Mid
19089,Mid
19093,Mid
19336,Mid
19338,Mid
19975,Mid
19992,Mid
20140,Mid
20248,Mid
20357,Mid
20412,Mid
20413,Mid
20481,Mid
20556,Mid
21182,Mid
21578,Mid
21800,Mid
21897,Mid
21965,Mid
315,Mid
469,Mid
644,Mid
706,Mid
1092,Mid
1301,Mid
1329,Mid
1694,Mid
1717,Mid
2232,Mid
2254,Mid
2377,Mid
2526,Mid
2611,Mid
2774,Mid
3351,Mid
3602,Mid
3643,Mid
3718,Mid
3972,Mid
3992,Mid
4164,Mid
4388,Mid
4410,Mid
4803,Mid
4835,Mid
4837,Mid
4875,Mid
5156,Mid
5489,Mid
5639,Mid
5744,Mid
6237,Mid
6563,Mid
6803,Mid
6805,Mid
7381,Mid
7610,Mid
7616,Mid
7697,Mid
7821,Mid
7933,Mid
8043,Mid
8071,Mid
8087,Mid
8157,Mid
8229,Mid
8787,Mid
8962,Mid
9323,Mid
9404,Mid
9414,Mid
9454,Mid
9506,Mid
9668,Mid
9725,Mid
9756,Mid
9794,Mid
10257,Mid
10671,Mid
11081,Mid
11390,Mid
11596,Mid
11855,Mid
11868,Mid
11982,Mid
12129,Mid
12338,Mid
12362,Mid
12588,Mid
12770,Mid
12873,Mid
13083,Mid
13192,Mid
13229,Mid
13535,Mid
13719,Mid
14079,Mid
14483,Mid
15017,Mid
15097,Mid
15259,Mid
15323,Mid
15572,Mid
15790,Mid
15880,Mid
16487,Mid
16723,Mid
16761,Mid
17016,Mid
17042,Mid
17079,Mid
17133,Mid
17295,Mid
17527,Mid
17539,Mid
17713,Mid
17941,Mid
18500,Mid
18743,Mid
18758,Mid
19050,Mid
19335,Mid
19807,Mid
19949,Mid
19954,Mid
20625,Mid
20867,Mid
21060,Mid
21095,Mid
21467,Mid
188,Mid
189,Mid
539,Mid
792,Mid
1203,Mid
1476,Mid
1632,Mid
1801,Mid
1871,Mid
2103,Mid
2136,Mid
2151,Mid
2448,Mid
2460,Mid
2463,Mid
3056,Mid
3088,Mid
3100,Mid
3300,Mid
3425,Mid
3624,Mid
3758,Mid
4149,Mid
4201,Mid
4253,Mid
4269,Mid
4294,Mid
4739,Mid
5343,Mid
5495,Mid
5857,Mid
5925,Mid
5986,Mid
6015,Mid
6053,Mid
6686,Mid
6709,Mid
6783,Mid
7048,Mid
7218,Mid
7639,Mid
7739,Mid
7910,Mid
7998,Mid
8329,Mid
8447,Mid
9023,Mid
9398,Mid
9478,Mid
9642,Mid
9687,Mid
9741,Mid
9942,Mid
10264,Mid
10314,Mid
10338,Mid
11007,Mid
11272,Mid
11394,Mid
11699,Mid
12121,Mid
12318,Mid
12428,Mid
12473,Mid
12539,Mid
12565,Mid
12796,Mid
13221,Mid
13374,Mid
13450,Mid
13588,Mid
13627,Mid
13740,Mid
13848,Mid
13916,Mid
14220,Mid
14228,Mid
14547,Mid
14557,Mid
14956,Mid
15535,Mid
15677,Mid
15714,Mid
15796,Mid
15833,Mid
15852,Mid
15922,Mid
15957,Mid
16232,Mid
16419,Mid
16452,Mid
16922,Mid
17210,Mid
17242,Mid
17332,Mid
17677,Mid
17789,Mid
17807,Mid
17830,Mid
18065,Mid
18484,Mid
18535,Mid
18551,Mid
18559,Mid
18654,Mid
18821,Mid
19018,Mid
19210,Mid
19302,Mid
19540,Mid
19652,Mid
19705,Mid
19827,Mid
19854,Mid
19917,Mid
20170,Mid
20227,Mid
20381,Mid
20420,Mid
20489,Mid
20531,Mid
20688,Mid
20718,Mid
20969,Mid
20987,Mid
21544,Mid
21573,Mid
21696,Mid
21716,Mid
183,Mid
268,Mid
308,Mid
365,Mid
707,Mid
749,Mid
1094,Mid
1241,Mid
1437,Mid
1501,Mid
1602,Mid
1668,Mid
1692,Mid
1701,Mid
2000,Mid
2097,Mid
2162,Mid
2270,Mid
2453,Mid
2515,Mid
2629,Mid
2633,Mid
2733,Mid
2880,Mid
2971,Mid
3037,Mid
3112,Mid
3261,Mid
3295,Mid
3536,Mid
3551,Mid
3737,Mid
3848,Mid
4062,Mid
4099,Mid
4205,Mid
4439,Mid
4609,Mid
4769,Mid
4830,Mid
4850,Mid
5000,Mid
5276,Mid
5299,Mid
5385,Mid
5473,Mid
5676,Mid
5910,Mid
6028,Mid
6750,Mid
6986,Mid
7119,Mid
7187,Mid
7273,Mid
7350,Mid
7575,Mid
7629,Mid
7920,Mid
7924,Mid
8029,Mid
8248,Mid
8380,Mid
8492,Mid
8695,Mid
8788,Mid
8815,Mid
9070,Mid
9309,Mid
9329,Mid
9390,Mid
9481,Mid
10039,Mid
10513,Mid
10822,Mid
11225,Mid
11244,Mid
11543,Mid
11629,Mid
11725,Mid
11827,Mid
11957,Mid
12226,Mid
12292,Mid
12345,Mid
12472,Mid
12574,Mid
12628,Mid
12738,Mid
12904,Mid
13044,Mid
13264,Mid
13573,Mid
13786,Mid
13841,Mid
13864,Mid
14426,Mid
14502,Mid
14650,Mid
15010,Mid
15039,Mid
15252,Mid
15360,Mid
15362,Mid
15497,Mid
15600,Mid
16012,Mid
16033,Mid
16104,Mid
16215,Mid
16230,Mid
16310,Mid
16476,Mid
16704,Mid
16770,Mid
16825,Mid
16831,Mid
17078,Mid
17630,Mid
17725,Mid
17827,Mid
17960,Mid
18594,Mid
18664,Mid
18690,Mid
18942,Mid
19131,Mid
19219,Mid
19221,Mid
19287,Mid
19426,Mid
19529,Mid
19571,Mid
19654,Mid
19665,Mid
20067,Mid
20228,Mid
20342,Mid
20585,Mid
20624,Mid
20797,Mid
20939,Mid
20988,Mid
21085,Mid
21114,Mid
21142,Mid
21275,Mid
21435,Mid
21718,Mid
110,Mid
325,Mid
806,Mid
1239,Mid
1477,Mid
1549,Mid
1790,Mid
1857,Mid
2050,Mid
2063,Mid
2204,Mid
2258,Mid
2425,Mid
2572,Mid
2666,Mid
2757,Mid
2794,Mid
3002,Mid
3296,Mid
3326,Mid
3406,Mid
3501,Mid
3517,Mid
3727,Mid
4141,Mid
4153,Mid
4216,Mid
4361,Mid
4564,Mid
4723,Mid
5082,Mid
5376,Mid
5454,Mid
5889,Mid
5908,Mid
6009,Mid
6753,Mid
7269,Mid
7345,Mid
7382,Mid
7453,Mid
7506,Mid
7681,Mid
7866,Mid
7895,Mid
8322,Mid
8677,Mid
8763,Mid
9056,Mid
9083,Mid
9095,Mid
9206,Mid
9226,Mid
9421,Mid
9550,Mid
9943,Mid
10020,Mid
10086,Mid
10580,Mid
10748,Mid
10942,Mid
11228,Mid
11260,Mid
11459,Mid
11911,Mid
12019,Mid
12049,Mid
12205,Mid
12206,Mid
12817,Mid
12831,Mid
13052,Mid
13067,Mid
13072,Mid
13155,Mid
13163,Mid
13211,Mid
13383,Mid
13422,Mid
13440,Mid
13591,Mid
13595,Mid
13665,Mid
13964,Mid
14054,Mid
14063,Mid
14157,Mid
14380,Mid
14537,Mid
14678,Mid
14891,Mid
15013,Mid
15283,Mid
15345,Mid
15575,Mid
15734,Mid
16396,Mid
16398,Mid
16526,Mid
16765,Mid
16821,Mid
16826,Mid
17069,Mid
17121,Mid
17413,Mid
17423,Mid
17519,Mid
17621,Mid
17749,Mid
17806,Mid
17850,Mid
17923,Mid
18019,Mid
18394,Mid
18415,Mid
18505,Mid
18948,Mid
19002,Mid
19019,Mid
19097,Mid
19110,Mid
19422,Mid
19569,Mid
19695,Mid
19830,Mid
19879,Mid
20048,Mid
20338,Mid
20347,Mid
20414,Mid
20461,Mid
20528,Mid
20714,Mid
20843,Mid
20929,Mid
20941,Mid
21110,Mid
21121,Mid
21330,Mid
22001,Mid
266,Mid
304,Mid
337,Mid
449,Mid
543,Mid
748,Mid
944,Mid
1161,Mid
1223,Mid
1337,Mid
1363,Mid
1472,Mid
1826,Mid
1984,Mid
2008,Mid
2175,Mid
2217,Mid
2480,Mid
2756,Mid
2857,Mid
2961,Mid
3084,Mid
3360,Mid
3490,Mid
3555,Mid
4025,Mid
4036,Mid
4103,Mid
4224,Mid
4283,Mid
4427,Mid
4505,Mid
4683,Mid
4788,Mid
4918,Mid
4977,Mid
5090,Mid
5292,Mid
5367,Mid
5483,Mid
5570,Mid
5628,Mid
5697,Mid
5713,Mid
5760,Mid
5893,Mid
6152,Mid
6411,Mid
6414,Mid
6494,Mid
6509,Mid
6671,Mid
6937,Mid
6946,Mid
6955,Mid
7311,Mid
7778,Mid
7824,Mid
8279,Mid
8486,Mid
8783,Mid
8874,Mid
9170,Mid
9443,Mid
9551,Mid
9556,Mid
9671,Mid
9745,Mid
9832,Mid
10045,Mid
10073,Mid
10095,Mid
10099,Mid
10191,Mid
10200,Mid
10218,Mid
10243,Mid
10400,Mid
10443,Mid
10785,Mid
10957,Mid
11404,Mid
11406,Mid
11423,Mid
11702,Mid
11739,Mid
11798,Mid
11849,Mid
11990,Mid
12057,Mid
12434,Mid
12549,Mid
12621,Mid
12655,Mid
12988,Mid
13224,Mid
13316,Mid
13407,Mid
13485,Mid
13521,Mid
13613,Mid
13681,Mid
13970,Mid
14370,Mid
14403,Mid
14729,Mid
15042,Mid
15075,Mid
15109,Mid
15162,Mid
15672,Mid
15744,Mid
15760,Mid
15768,Mid
15840,Mid
15954,Mid
15992,Mid
16159,Mid
16163,Mid
16198,Mid
16269,Mid
16346,Mid
16353,Mid
16362,Mid
16595,Mid
16629,Mid
16667,Mid
16747,Mid
17035,Mid
17419,Mid
17702,Mid
17863,Mid
17901,Mid
18218,Mid
18241,Mid
18597,Mid
18658,Mid
19069,Mid
19146,Mid
19233,Mid
19308,Mid
19618,Mid
19670,Mid
19796,Mid
20039,Mid
20479,Mid
20799,Mid
21370,Mid
21454,Mid
21595,Mid
21651,Mid
21828,Mid
21870,Mid
489,Mid
578,Mid
679,Mid
718,Mid
723,Mid
743,Mid
745,Mid
818,Mid
869,Mid
1099,Mid
1432,Mid
1483,Mid
1561,Mid
1572,Mid
1629,Mid
2223,Mid
2262,Mid
2409,Mid
2751,Mid
2785,Mid
2800,Mid
3048,Mid
3141,Mid
3162,Mid
3180,Mid
3208,Mid
3213,Mid
3256,Mid
3365,Mid
3631,Mid
3984,Mid
4166,Mid
4225,Mid
4227,Mid
4234,Mid
4367,Mid
4503,Mid
4771,Mid
4826,Mid
4982,Mid
5112,Mid
5459,Mid
5467,Mid
5525,Mid
5779,Mid
6078,Mid
6144,Mid
6441,Mid
6459,Mid
6520,Mid
6817,Mid
6970,Mid
7021,Mid
7202,Mid
7776,Mid
7791,Mid
8008,Mid
8025,Mid
8396,Mid
8580,Mid
8617,Mid
8622,Mid
8689,Mid
8998,Mid
9184,Mid
9200,Mid
9354,Mid
9416,Mid
9446,Mid
9682,Mid
10275,Mid
10306,Mid
10639,Mid
10664,Mid
10730,Mid
10818,Mid
11147,Mid
11155,Mid
11259,Mid
11807,Mid
11811,Mid
12071,Mid
12266,Mid
12547,Mid
12696,Mid
13029,Mid
13188,Mid
13664,Mid
13733,Mid
13769,Mid
13897,Mid
13935,Mid
13957,Mid
13974,Mid
14034,Mid
14180,Mid
14192,Mid
15004,Mid
15050,Mid
15157,Mid
15177,Mid
15246,Mid
15284,Mid
15333,Mid
15397,Mid
15451,Mid
15533,Mid
15593,Mid
15602,Mid
15619,Mid
15855,Mid
15935,Mid
15944,Mid
16032,Mid
16412,Mid
16774,Mid
16788,Mid
17003,Mid
17084,Mid
17291,Mid
17392,Mid
17503,Mid
17577,Mid
17693,Mid
17759,Mid
17779,Mid
17788,Mid
17876,Mid
17898,Mid
18247,Mid
18717,Mid
18859,Mid
19178,Mid
19842,Mid
19885,Mid
20060,Mid
20393,Mid
20451,Mid
20623,Mid
21077,Mid
21358,Mid
21593,Mid
21917,Mid
21985,Mid
32,Mid
83,Mid
84,Mid
86,Mid
115,Mid
128,Mid
219,Mid
349,Mid
389,Mid
391,Mid
529,Mid
558,Mid
604,Mid
775,Mid
912,Mid
930,Mid
968,Mid
1129,Mid
1261,Mid
1716,Mid
1739,Mid
1791,Mid
1817,Mid
1839,Mid
1859,Mid
1930,Mid
1949,Mid
2001,Mid
2058,Mid
2061,Mid
2101,Mid
2169,Mid
2224,Mid
2273,Mid
2373,Mid
2507,Mid
2543,Mid
2660,Mid
2747,Mid
2768,Mid
2842,Mid
2883,Mid
2959,Mid
3094,Mid
3102,Mid
3164,Mid
3258,Mid
3266,Mid
3445,Mid
3511,Mid
3566,Mid
3988,Mid
4012,Mid
4095,Mid
4237,Mid
4456,Mid
4511,Mid
4556,Mid
4735,Mid
4941,Mid
5024,Mid
5110,Mid
5331,Mid
5494,Mid
5512,Mid
5542,Mid
5617,Mid
5735,Mid
5873,Mid
5898,Mid
5992,Mid
6254,Mid
6570,Mid
6959,Mid
6987,Mid
7190,Mid
7429,Mid
7533,Mid
7565,Mid
7625,Mid
8121,Mid
8304,Mid
8921,Mid
8952,Mid
9183,Mid
9295,Mid
9435,Mid
9573,Mid
9611,Mid
10349,Mid
10376,Mid
10415,Mid
10597,Mid
10629,Mid
11018,Mid
11021,Mid
11154,Mid
11213,Mid
11320,Mid
11564,Mid
11582,Mid
11711,Mid
11880,Mid
11927,Mid
12052,Mid
12060,Mid
12333,Mid
12443,Mid
12530,Mid
12685,Mid
12777,Mid
12786,Mid
13068,Mid
13191,Mid
13443,Mid
13446,Mid
13527,Mid
13551,Mid
13638,Mid
13685,Mid
13813,Mid
13963,Mid
14540,Mid
14700,Mid
14894,Mid
14950,Mid
15036,Mid
15222,Mid
15344,Mid
15777,Mid
15866,Mid
15976,Mid
16367,Mid
16414,Mid
16517,Mid
16554,Mid
16628,Mid
16753,Mid
16833,Mid
17090,Mid
17561,Mid
17767,Mid
18021,Mid
18098,Mid
18411,Mid
18482,Mid
18644,Mid
18727,Mid
18869,Mid
19077,Mid
19078,Mid
19115,Mid
19176,Mid
19407,Mid
19461,Mid
19611,Mid
19770,Mid
19774,Mid
19883,Mid
20009,Mid
20015,Mid
20019,Mid
20175,Mid
20203,Mid
20508,Mid
20586,Mid
20711,Mid
20732,Mid
20977,Mid
21302,Mid
21426,Mid
144,Mid
192,Mid
423,Mid
459,Mid
480,Mid
621,Mid
661,Mid
762,Mid
1090,Mid
1410,Mid
1627,Mid
1774,Mid
1785,Mid
1903,Mid
1920,Mid
1959,Mid
1965,Mid
1975,Mid
2164,Mid
2279,Mid
2382,Mid
2442,Mid
2461,Mid
2471,Mid
2563,Mid
2698,Mid
3224,Mid
3238,Mid
3453,Mid
3715,Mid
3745,Mid
3956,Mid
4437,Mid
4446,Mid
4521,Mid
4571,Mid
4612,Mid
4712,Mid
4734,Mid
4785,Mid
4818,Mid
4903,Mid
4938,Mid
5026,Mid
5049,Mid
5288,Mid
5392,Mid
5431,Mid
5438,Mid
5497,Mid
5520,Mid
5710,Mid
6292,Mid
6553,Mid
6714,Mid
6965,Mid
7084,Mid
7282,Mid
7284,Mid
7402,Mid
7492,Mid
7847,Mid
7856,Mid
7857,Mid
8164,Mid
8479,Mid
8481,Mid
8579,Mid
8645,Mid
8894,Mid
9362,Mid
9436,Mid
9440,Mid
9450,Mid
9502,Mid
9558,Mid
9648,Mid
9678,Mid
9688,Mid
10001,Mid
10028,Mid
10205,Mid
10236,Mid
10256,Mid
10608,Mid
10828,Mid
10855,Mid
10888,Mid
11028,Mid
11072,Mid
11078,Mid
11145,Mid
11168,Mid
11414,Mid
11473,Mid
11500,Mid
11565,Mid
11599,Mid
11688,Mid
11728,Mid
12047,Mid
12091,Mid
12130,Mid
12439,Mid
12491,Mid
12637,Mid
12678,Mid
12823,Mid
12893,Mid
12922,Mid
12974,Mid
13017,Mid
13086,Mid
13210,Mid
13492,Mid
13589,Mid
13623,Mid
13702,Mid
13735,Mid
13812,Mid
13873,Mid
13877,Mid
14022,Mid
14075,Mid
14874,Mid
14875,Mid
15118,Mid
15128,Mid
15220,Mid
15228,Mid
15369,Mid
15384,Mid
15537,Mid
15541,Mid
15596,Mid
15674,Mid
15798,Mid
16010,Mid
16066,Mid
16167,Mid
16233,Mid
16341,Mid
16582,Mid
16679,Mid
16999,Mid
17058,Mid
17252,Mid
17414,Mid
17421,Mid
17466,Mid
17489,Mid
17690,Mid
17763,Mid
18004,Mid
18601,Mid
18621,Mid
19101,Mid
19267,Mid
19312,Mid
19356,Mid
19863,Mid
20034,Mid
20110,Mid
20337,Mid
20340,Mid
20638,Mid
20655,Mid
20703,Mid
20810,Mid
20873,Mid
20889,Mid
20919,Mid
20923,Mid
20971,Mid
21040,Mid
21042,Mid
21152,Mid
21155,Mid
21156,Mid
21274,Mid
21306,Mid
21400,Mid
21576,Mid
21579,Mid
21640,Mid
21872,Mid
8,Mid
452,Mid
542,Mid
631,Mid
878,Mid
882,Mid
1074,Mid
1128,Mid
1131,Mid
1352,Mid
1488,Mid
1612,Mid
2051,Mid
2291,Mid
2313,Mid
2341,Mid
2370,Mid
2469,Mid
2650,Mid
2912,Mid
3174,Mid
3185,Mid
3218,Mid
3431,Mid
3452,Mid
3739,Mid
4015,Mid
4030,Mid
4075,Mid
4118,Mid
4492,Mid
4515,Mid
4518,Mid
4654,Mid
4824,Mid
4855,Mid
5034,Mid
5066,Mid
5484,Mid
5670,Mid
5905,Mid
6155,Mid
6390,Mid
6593,Mid
6646,Mid
6756,Mid
6906,Mid
6940,Mid
6968,Mid
6983,Mid
7275,Mid
7349,Mid
7516,Mid
7607,Mid
7707,Mid
7748,Mid
7991,Mid
8049,Mid
8051,Mid
8120,Mid
8345,Mid
8371,Mid
8426,Mid
8916,Mid
9024,Mid
9061,Mid
9216,Mid
9287,Mid
9288,Mid
9358,Mid
9636,Mid
9904,Mid
9940,Mid
10251,Mid
10371,Mid
10632,Mid
10678,Mid
10947,Mid
10952,Mid
11049,Mid
11130,Mid
11330,Mid
11383,Mid
11391,Mid
11508,Mid
11544,Mid
11619,Mid
11747,Mid
11761,Mid
11804,Mid
11853,Mid
11900,Mid
12128,Mid
12214,Mid
12348,Mid
12533,Mid
12543,Mid
12551,Mid
12639,Mid
12675,Mid
12976,Mid
13165,Mid
13215,Mid
13216,Mid
13251,Mid
13436,Mid
13561,Mid
13590,Mid
13732,Mid
13830,Mid
14042,Mid
14296,Mid
14339,Mid
14589,Mid
14611,Mid
14627,Mid
14954,Mid
15127,Mid
15285,Mid
15318,Mid
15336,Mid
15495,Mid
15515,Mid
15704,Mid
15722,Mid
15921,Mid
15968,Mid
16081,Mid
16179,Mid
16324,Mid
16411,Mid
16530,Mid
16594,Mid
16611,Mid
16702,Mid
16896,Mid
17161,Mid
17170,Mid
17441,Mid
17454,Mid
17490,Mid
17492,Mid
17704,Mid
17771,Mid
17911,Mid
17939,Mid
18267,Mid
18359,Mid
18436,Mid
18491,Mid
18683,Mid
18817,Mid
18850,Mid
19086,Mid
19113,Mid
19149,Mid
19286,Mid
19306,Mid
19310,Mid
19427,Mid
19605,Mid
19631,Mid
19775,Mid
20247,Mid
20263,Mid
20385,Mid
20483,Mid
20553,Mid
20584,Mid
20599,Mid
20642,Mid
20896,Mid
20997,Mid
21094,Mid
21188,Mid
21212,Mid
21299,Mid
21388,Mid
21624,Mid
21659,Mid
21678,Mid
21700,Mid
21759,Mid
21816,Mid
21876,Mid
22032,Mid
25,Mid
113,Mid
229,Mid
312,Mid
333,Mid
380,Mid
405,Mid
589,Mid
620,Mid
916,Mid
954,Mid
1122,Mid
1175,Mid
1181,Mid
1249,Mid
1379,Mid
1460,Mid
1539,Mid
1546,Mid
1707,Mid
1881,Mid
1925,Mid
1937,Mid
1964,Mid
2288,Mid
2360,Mid
2489,Mid
2724,Mid
2773,Mid
2799,Mid
2866,Mid
2944,Mid
3111,Mid
3220,Mid
3433,Mid
3564,Mid
3574,Mid
3591,Mid
3625,Mid
3752,Mid
3840,Mid
3932,Mid
3999,Mid
4243,Mid
4418,Mid
4497,Mid
4614,Mid
4642,Mid
4919,Mid
4953,Mid
5164,Mid
5399,Mid
5852,Mid
5886,Mid
6127,Mid
6177,Mid
6187,Mid
6497,Mid
6545,Mid
6587,Mid
6632,Mid
7143,Mid
7353,Mid
7389,Mid
7445,Mid
7469,Mid
7557,Mid
7597,Mid
7609,Mid
7690,Mid
7864,Mid
8009,Mid
8066,Mid
8155,Mid
8352,Mid
8368,Mid
8425,Mid
8497,Mid
8509,Mid
8527,Mid
8770,Mid
9172,Mid
9243,Mid
9463,Mid
9644,Mid
9735,Mid
9902,Mid
10165,Mid
10265,Mid
10382,Mid
10407,Mid
10473,Mid
10641,Mid
10675,Mid
10974,Mid
11011,Mid
11261,Mid
11449,Mid
11475,Mid
11947,Mid
12452,Mid
12470,Mid
12674,Mid
12810,Mid
13177,Mid
13230,Mid
13322,Mid
13777,Mid
13783,Mid
13923,Mid
14008,Mid
14170,Mid
14194,Mid
14233,Mid
14398,Mid
14674,Mid
14778,Mid
14927,Mid
14998,Mid
15302,Mid
15637,Mid
15741,Mid
15743,Mid
15783,Mid
15802,Mid
15831,Mid
15890,Mid
16111,Mid
16229,Mid
16235,Mid
16279,Mid
16614,Mid
16953,Mid
17005,Mid
17063,Mid
17140,Mid
17330,Mid
17372,Mid
17442,Mid
17475,Mid
17493,Mid
17544,Mid
17582,Mid
17740,Mid
17852,Mid
17892,Mid
18186,Mid
18300,Mid
18323,Mid
18430,Mid
18715,Mid
18804,Mid
18826,Mid
18884,Mid
18973,Mid
19123,Mid
19222,Mid
19298,Mid
19366,Mid
19603,Mid
19790,Mid
19829,Mid
19980,Mid
20045,Mid
20184,Mid
20233,Mid
20280,Mid
20526,Mid
20560,Mid
20629,Mid
20634,Mid
20665,Mid
20695,Mid
20819,Mid
21036,Mid
21117,Mid
21157,Mid
21378,Mid
21471,Mid
21506,Mid
21538,Mid
21545,Mid
21698,Mid
21808,Mid
21905,Mid
22013,Mid
23,Mid
261,Mid
295,Mid
420,Mid
826,Mid
1116,Mid
1154,Mid
1349,Mid
1475,Mid
1551,Mid
1611,Mid
1734,Mid
1762,Mid
1864,Mid
1933,Mid
2114,Mid
2366,Mid
2590,Mid
2608,Mid
2817,Mid
3052,Mid
3110,Mid
3115,Mid
3193,Mid
3318,Mid
3396,Mid
3576,Mid
3614,Mid
3675,Mid
3714,Mid
4249,Mid
4297,Mid
4533,Mid
4535,Mid
4578,Mid
4831,Mid
4955,Mid
4979,Mid
5035,Mid
5045,Mid
5077,Mid
5085,Mid
5560,Mid
5577,Mid
5579,Mid
6240,Mid
6700,Mid
7177,Mid
7186,Mid
7320,Mid
7498,Mid
7645,Mid
7911,Mid
7989,Mid
8062,Mid
8272,Mid
8367,Mid
8489,Mid
8774,Mid
8995,Mid
9034,Mid
9204,Mid
9233,Mid
9285,Mid
9330,Mid
9476,Mid
9486,Mid
9535,Mid
9579,Mid
9606,Mid
9760,Mid
9917,Mid
9950,Mid
10064,Mid
10197,Mid
10388,Mid
10435,Mid
10546,Mid
10581,Mid
10720,Mid
10743,Mid
10956,Mid
11016,Mid
11061,Mid
11231,Mid
11566,Mid
11602,Mid
11879,Mid
11884,Mid
12139,Mid
12207,Mid
12260,Mid
12296,Mid
12444,Mid
12531,Mid
12629,Mid
12649,Mid
12985,Mid
13063,Mid
13175,Mid
13347,Mid
13402,Mid
13404,Mid
13453,Mid
13458,Mid
13522,Mid
13531,Mid
13570,Mid
13695,Mid
13876,Mid
13943,Mid
14123,Mid
14155,Mid
14219,Mid
14336,Mid
14353,Mid
14395,Mid
14507,Mid
14758,Mid
14946,Mid
15063,Mid
15088,Mid
15277,Mid
15299,Mid
15331,Mid
15590,Mid
15609,Mid
15969,Mid
16182,Mid
16197,Mid
16251,Mid
16325,Mid
16328,Mid
16507,Mid
16565,Mid
16801,Mid
16835,Mid
16911,Mid
17002,Mid
17033,Mid
17095,Mid
17229,Mid
17309,Mid
17378,Mid
17474,Mid
17531,Mid
17700,Mid
17772,Mid
17794,Mid
17836,Mid
18018,Mid
18077,Mid
18542,Mid
18563,Mid
18663,Mid
18709,Mid
18729,Mid
18846,Mid
18864,Mid
18902,Mid
19039,Mid
19087,Mid
19289,Mid
19360,Mid
19420,Mid
19547,Mid
19680,Mid
19773,Mid
19861,Mid
19878,Mid
20081,Mid
20332,Mid
20382,Mid
20731,Mid
20787,Mid
20817,Mid
21024,Mid
21126,Mid
21272,Mid
21280,Mid
21420,Mid
21528,Mid
21568,Mid
21644,Mid
21849,Mid
21879,Mid
103,Mid
107,Mid
122,Mid
147,Mid
354,Mid
584,Mid
680,Mid
808,Mid
906,Mid
993,Mid
1066,Mid
1234,Mid
1245,Mid
1593,Mid
1769,Mid
1924,Mid
2092,Mid
2106,Mid
2111,Mid
2201,Mid
2695,Mid
2699,Mid
2720,Mid
3089,Mid
3116,Mid
3317,Mid
3341,Mid
3388,Mid
3529,Mid
3656,Mid
3780,Mid
3942,Mid
4084,Mid
4148,Mid
4203,Mid
4219,Mid
4301,Mid
4640,Mid
4757,Mid
4764,Mid
4886,Mid
4888,Mid
5017,Mid
5309,Mid
5505,Mid
5702,Mid
5801,Mid
5826,Mid
5865,Mid
6245,Mid
6419,Mid
6443,Mid
6473,Mid
6628,Mid
6672,Mid
6766,Mid
7138,Mid
7292,Mid
7386,Mid
7582,Mid
7848,Mid
7907,Mid
8012,Mid
8217,Mid
8297,Mid
8451,Mid
8500,Mid
8504,Mid
8560,Mid
8581,Mid
8582,Mid
8814,Mid
8843,Mid
8885,Mid
8954,Mid
8957,Mid
9168,Mid
9361,Mid
9363,Mid
9415,Mid
9445,Mid
9534,Mid
9553,Mid
9641,Mid
9914,Mid
9946,Mid
10120,Mid
10253,Mid
10448,Mid
10460,Mid
10543,Mid
10614,Mid
10642,Mid
10918,Mid
10995,Mid
11004,Mid
11159,Mid
11360,Mid
11409,Mid
11417,Mid
11425,Mid
11463,Mid
11471,Mid
11477,Mid
11493,Mid
11511,Mid
11557,Mid
11575,Mid
11627,Mid
11805,Mid
11867,Mid
11899,Mid
12077,Mid
12098,Mid
12109,Mid
12181,Mid
12267,Mid
12274,Mid
12383,Mid
12390,Mid
12437,Mid
12604,Mid
12615,Mid
12687,Mid
12693,Mid
12774,Mid
12775,Mid
12825,Mid
12945,Mid
12973,Mid
13090,Mid
13144,Mid
13314,Mid
13333,Mid
13361,Mid
13691,Mid
13845,Mid
13863,Mid
13881,Mid
13951,Mid
14143,Mid
14240,Mid
14318,Mid
14325,Mid
14520,Mid
14545,Mid
14656,Mid
14680,Mid
14899,Mid
14924,Mid
15045,Mid
15060,Mid
15167,Mid
15337,Mid
15340,Mid
15352,Mid
15439,Mid
15485,Mid
15513,Mid
15625,Mid
16006,Mid
16039,Mid
16047,Mid
16050,Mid
16072,Mid
16306,Mid
16463,Mid
16863,Mid
16895,Mid
17107,Mid
17119,Mid
17305,Mid
17390,Mid
17473,Mid
17559,Mid
17625,Mid
17668,Mid
17712,Mid
17951,Mid
18194,Mid
18379,Mid
18508,Mid
18819,Mid
18830,Mid
19036,Mid
19107,Mid
19151,Mid
19413,Mid
19564,Mid
19860,Mid
19865,Mid
20010,Mid
20061,Mid
20146,Mid
20185,Mid
20304,Mid
20456,Mid
20590,Mid
20608,Mid
20657,Mid
20785,Mid
20848,Mid
20884,Mid
20940,Mid
21037,Mid
21203,Mid
21277,Mid
21335,Mid
21404,Mid
21441,Mid
21537,Mid
21608,Mid
21901,Mid
21935,Mid
21957,Mid
21963,Mid
21995,Mid
346,Mid
399,Mid
410,Mid
412,Mid
657,Mid
860,Mid
1061,Mid
1138,Mid
1174,Mid
1312,Mid
1415,Mid
1435,Mid
1468,Mid
1520,Mid
1793,Mid
1818,Mid
2029,Mid
2037,Mid
2054,Mid
2252,Mid
2439,Mid
2583,Mid
2588,Mid
2636,Mid
2641,Mid
2711,Mid
2935,Mid
2982,Mid
3320,Mid
3321,Mid
3383,Mid
3487,Mid
3541,Mid
3652,Mid
3750,Mid
3943,Mid
3962,Mid
4185,Mid
4336,Mid
4467,Mid
4558,Mid
4620,Mid
4791,Mid
4829,Mid
4852,Mid
5031,Mid
5281,Mid
5618,Mid
5622,Mid
5641,Mid
5668,Mid
5686,Mid
5753,Mid
5929,Mid
5958,Mid
6017,Mid
6242,Mid
6274,Mid
6276,Mid
6354,Mid
6429,Mid
6440,Mid
6640,Mid
6728,Mid
6758,Mid
6975,Mid
6976,Mid
7097,Mid
7204,Mid
7318,Mid
7348,Mid
7425,Mid
7451,Mid
7471,Mid
7487,Mid
7585,Mid
7892,Mid
7951,Mid
8114,Mid
8193,Mid
8227,Mid
8231,Mid
8247,Mid
8344,Mid
8374,Mid
8386,Mid
8564,Mid
8632,Mid
8722,Mid
8899,Mid
9055,Mid
9100,Mid
9123,Mid
9128,Mid
9299,Mid
9301,Mid
9322,Mid
9564,Mid
9585,Mid
9781,Mid
10036,Mid
10055,Mid
10348,Mid
10396,Mid
10691,Mid
10966,Mid
11048,Mid
11107,Mid
11403,Mid
11433,Mid
11462,Mid
11579,Mid
11588,Mid
11671,Mid
11727,Mid
11730,Mid
11786,Mid
11877,Mid
11937,Mid
11950,Mid
12086,Mid
12352,Mid
12361,Mid
12645,Mid
12763,Mid
12781,Mid
12887,Mid
12978,Mid
13173,Mid
13199,Mid
13326,Mid
13336,Mid
13449,Mid
13489,Mid
13669,Mid
13858,Mid
13960,Mid
13989,Mid
14004,Mid
14018,Mid
14084,Mid
14086,Mid
14436,Mid
14452,Mid
14660,Mid
15092,Mid
15138,Mid
15160,Mid
15236,Mid
15240,Mid
15264,Mid
15462,Mid
15501,Mid
15527,Mid
15536,Mid
15584,Mid
15591,Mid
15612,Mid
15644,Mid
15726,Mid
15737,Mid
15920,Mid
15930,Mid
15931,Mid
15972,Mid
16020,Mid
16250,Mid
16314,Mid
16333,Mid
16350,Mid
16522,Mid
16678,Mid
16716,Mid
17113,Mid
17370,Mid
17596,Mid
17629,Mid
17689,Mid
18042,Mid
18087,Mid
18090,Mid
18117,Mid
18183,Mid
18412,Mid
18449,Mid
18580,Mid
18689,Mid
18723,Mid
18739,Mid
18782,Mid
19029,Mid
19035,Mid
19236,Mid
19271,Mid
19278,Mid
19386,Mid
19408,Mid
19645,Mid
19678,Mid
19841,Mid
19859,Mid
19929,Mid
19937,Mid
20044,Mid
20055,Mid
20495,Mid
20582,Mid
20667,Mid
20750,Mid
20823,Mid
20894,Mid
20944,Mid
21153,Mid
21229,Mid
21253,Mid
21305,Mid
21326,Mid
21482,Mid
21609,Mid
21699,Mid
21727,Mid
21817,Mid
21835,Mid
21868,Mid
22011,Mid
50,Mid
217,Mid
241,Mid
242,Mid
326,Mid
486,Mid
712,Mid
789,Mid
846,Mid
965,Mid
1055,Mid
1178,Mid
1647,Mid
1664,Mid
1753,Mid
2017,Mid
2094,Mid
2192,Mid
2203,Mid
2226,Mid
2472,Mid
2513,Mid
2562,Mid
2569,Mid
2589,Mid
2656,Mid
2739,Mid
3063,Mid
3137,Mid
3195,Mid
3259,Mid
3271,Mid
3424,Mid
3493,Mid
3599,Mid
3744,Mid
3757,Mid
3868,Mid
4028,Mid
4157,Mid
4356,Mid
4539,Mid
4724,Mid
4737,Mid
4743,Mid
4894,Mid
4924,Mid
4988,Mid
5058,Mid
5084,Mid
5111,Mid
5364,Mid
5804,Mid
5883,Mid
5979,Mid
6025,Mid
6114,Mid
6151,Mid
6613,Mid
6634,Mid
6932,Mid
7194,Mid
7539,Mid
7678,Mid
7755,Mid
7786,Mid
7795,Mid
7819,Mid
7967,Mid
8084,Mid
8236,Mid
8354,Mid
8370,Mid
8399,Mid
8428,Mid
8626,Mid
8682,Mid
8753,Mid
8762,Mid
8809,Mid
8889,Mid
8989,Mid
9217,Mid
9465,Mid
9484,Mid
9560,Mid
9605,Mid
9654,Mid
10467,Mid
10478,Mid
10794,Mid
10935,Mid
11076,Mid
11124,Mid
11156,Mid
11181,Mid
11193,Mid
11446,Mid
11539,Mid
11656,Mid
11679,Mid
11754,Mid
11978,Mid
12010,Mid
12051,Mid
12058,Mid
12201,Mid
12261,Mid
12283,Mid
12324,Mid
12435,Mid
12622,Mid
12632,Mid
12682,Mid
12749,Mid
12862,Mid
12943,Mid
13032,Mid
13195,Mid
13255,Mid
13284,Mid
13324,Mid
13378,Mid
13419,Mid
13578,Mid
13655,Mid
13683,Mid
13835,Mid
14173,Mid
14493,Mid
14579,Mid
14587,Mid
14647,Mid
14692,Mid
14740,Mid
14760,Mid
14884,Mid
15006,Mid
15023,Mid
15068,Mid
15136,Mid
15317,Mid
15366,Mid
15403,Mid
15546,Mid
15697,Mid
15725,Mid
15804,Mid
16106,Mid
16107,Mid
16161,Mid
16237,Mid
16246,Mid
16308,Mid
16420,Mid
16423,Mid
16447,Mid
16450,Mid
16539,Mid
16615,Mid
16834,Mid
17031,Mid
17160,Mid
17269,Mid
17349,Mid
17368,Mid
17398,Mid
17450,Mid
17534,Mid
17580,Mid
17622,Mid
17665,Mid
17935,Mid
17945,Mid
18056,Mid
18253,Mid
18557,Mid
18688,Mid
18735,Mid
18766,Mid
18878,Mid
18954,Mid
19073,Mid
19109,Mid
19170,Mid
19294,Mid
19334,Mid
19395,Mid
19528,Mid
19630,Mid
19735,Mid
19925,Mid
19927,Mid
19930,Mid
19968,Mid
20167,Mid
20211,Mid
20336,Mid
20452,Mid
20616,Mid
20783,Mid
20802,Mid
20863,Mid
20864,Mid
21111,Mid
21119,Mid
21341,Mid
21561,Mid
21706,Mid
21807,Mid
21918,Mid
17,Mid
97,Mid
157,Mid
197,Mid
231,Mid
338,Mid
345,Mid
455,Mid
462,Mid
548,Mid
651,Mid
682,Mid
699,Mid
801,Mid
952,Mid
1111,Mid
1307,Mid
1319,Mid
1508,Mid
1641,Mid
1709,Mid
1737,Mid
1772,Mid
1870,Mid
2076,Mid
2183,Mid
2189,Mid
2318,Mid
2387,Mid
2440,Mid
2553,Mid
2579,Mid
2582,Mid
2715,Mid
2825,Mid
2886,Mid
3013,Mid
3117,Mid
3149,Mid
3150,Mid
3334,Mid
3352,Mid
3438,Mid
3454,Mid
3809,Mid
3924,Mid
4051,Mid
4186,Mid
4250,Mid
4251,Mid
4306,Mid
4399,Mid
4454,Mid
4466,Mid
4553,Mid
4610,Mid
4653,Mid
4685,Mid
4841,Mid
4865,Mid
5028,Mid
5282,Mid
5563,Mid
5571,Mid
5603,Mid
5671,Mid
5675,Mid
5704,Mid
5985,Mid
6004,Mid
6031,Mid
6059,Mid
6108,Mid
6257,Mid
6595,Mid
6656,Mid
6917,Mid
7110,Mid
7334,Mid
7335,Mid
7542,Mid
7599,Mid
7614,Mid
7826,Mid
7884,Mid
7953,Mid
8028,Mid
8232,Mid
8493,Mid
8532,Mid
8548,Mid
8705,Mid
8760,Mid
8871,Mid
8933,Mid
8993,Mid
9227,Mid
9257,Mid
9335,Mid
9349,Mid
9364,Mid
9545,Mid
9740,Mid
10043,Mid
10047,Mid
10128,Mid
10189,Mid
10316,Mid
10319,Mid
10333,Mid
10579,Mid
10701,Mid
10745,Mid
10967,Mid
11634,Mid
11649,Mid
11752,Mid
11753,Mid
11987,Mid
12082,Mid
12123,Mid
12222,Mid
12385,Mid
12399,Mid
12411,Mid
12455,Mid
12562,Mid
12577,Mid
12598,Mid
12747,Mid
12759,Mid
12891,Mid
12995,Mid
13046,Mid
13131,Mid
13157,Mid
13286,Mid
13318,Mid
13359,Mid
13397,Mid
13478,Mid
13491,Mid
13546,Mid
13659,Mid
13792,Mid
13834,Mid
14030,Mid
14148,Mid
14249,Mid
14349,Mid
14431,Mid
14470,Mid
14568,Mid
14912,Mid
14958,Mid
15026,Mid
15065,Mid
15139,Mid
15156,Mid
15268,Mid
15270,Mid
15547,Mid
15695,Mid
15769,Mid
15876,Mid
15946,Mid
16313,Mid
16456,Mid
16827,Mid
17294,Mid
17314,Mid
17351,Mid
17424,Mid
17463,Mid
17465,Mid
17480,Mid
17523,Mid
17637,Mid
17651,Mid
17787,Mid
17974,Mid
17990,Mid
18043,Mid
18060,Mid
18075,Mid
18322,Mid
18348,Mid
18488,Mid
18855,Mid
18883,Mid
18934,Mid
18952,Mid
18981,Mid
18997,Mid
19021,Mid
19040,Mid
19056,Mid
19106,Mid
19237,Mid
19252,Mid
19270,Mid
19371,Mid
19456,Mid
19545,Mid
19548,Mid
19552,Mid
19673,Mid
19778,Mid
19815,Mid
19966,Mid
20062,Mid
20127,Mid
20296,Mid
20394,Mid
20466,Mid
20563,Mid
20614,Mid
20644,Mid
20682,Mid
20788,Mid
20849,Mid
20918,Mid
20922,Mid
20965,Mid
20990,Mid
21107,Mid
21215,Mid
21271,Mid
21327,Mid
21372,Mid
21488,Mid
21582,Mid
21638,Mid
21672,Mid
21980,Mid
7,Mid
19,Mid
70,Mid
126,Mid
247,Mid
324,Mid
395,Mid
408,Mid
501,Mid
517,Mid
859,Mid
929,Mid
955,Mid
956,Mid
996,Mid
1006,Mid
1057,Mid
1240,Mid
1283,Mid
1444,Mid
1713,Mid
1726,Mid
1735,Mid
1872,Mid
2047,Mid
2292,Mid
2381,Mid
2406,Mid
2436,Mid
2558,Mid
2560,Mid
2575,Mid
2621,Mid
2637,Mid
3033,Mid
3071,Mid
3134,Mid
3183,Mid
3338,Mid
3363,Mid
3386,Mid
3485,Mid
3495,Mid
3506,Mid
3644,Mid
3777,Mid
3918,Mid
3986,Mid
4425,Mid
4488,Mid
4687,Mid
4719,Mid
4728,Mid
4762,Mid
4786,Mid
4804,Mid
4936,Mid
4969,Mid
5256,Mid
5508,Mid
5568,Mid
5796,Mid
5890,Mid
5900,Mid
6016,Mid
6044,Mid
6139,Mid
6143,Mid
6269,Mid
6304,Mid
6396,Mid
6400,Mid
6698,Mid
6974,Mid
6994,Mid
7167,Mid
7227,Mid
7439,Mid
7481,Mid
7568,Mid
7938,Mid
7942,Mid
7985,Mid
8290,Mid
8512,Mid
8618,Mid
8928,Mid
8987,Mid
9234,Mid
9367,Mid
9407,Mid
9433,Mid
9437,Mid
9491,Mid
9492,Mid
9578,Mid
9649,Mid
9658,Mid
9761,Mid
9916,Mid
10024,Mid
10033,Mid
10044,Mid
10176,Mid
10278,Mid
10334,Mid
10413,Mid
10458,Mid
10577,Mid
10621,Mid
10679,Mid
10706,Mid
10715,Mid
11053,Mid
11162,Mid
11165,Mid
11263,Mid
11636,Mid
11650,Mid
11663,Mid
11733,Mid
11762,Mid
11795,Mid
12288,Mid
12294,Mid
12313,Mid
12527,Mid
12631,Mid
12748,Mid
12901,Mid
12958,Mid
12960,Mid
13218,Mid
13259,Mid
13345,Mid
13424,Mid
13452,Mid
13559,Mid
13621,Mid
13632,Mid
13724,Mid
13742,Mid
14203,Mid
14430,Mid
14454,Mid
14466,Mid
14519,Mid
14720,Mid
14986,Mid
15016,Mid
15100,Mid
15189,Mid
15231,Mid
15349,Mid
15456,Mid
15460,Mid
15500,Mid
15632,Mid
15719,Mid
15918,Mid
15967,Mid
16027,Mid
16028,Mid
16378,Mid
16418,Mid
16542,Mid
16597,Mid
16612,Mid
16780,Mid
16898,Mid
16939,Mid
16952,Mid
17045,Mid
17234,Mid
17253,Mid
17254,Mid
17396,Mid
17438,Mid
17518,Mid
17581,Mid
17594,Mid
17608,Mid
17781,Mid
17792,Mid
17810,Mid
17938,Mid
17979,Mid
18026,Mid
18182,Mid
18396,Mid
18466,Mid
18544,Mid
18547,Mid
18564,Mid
18759,Mid
18778,Mid
18842,Mid
18900,Mid
18947,Mid
18957,Mid
19085,Mid
19121,Mid
19124,Mid
19142,Mid
19193,Mid
19365,Mid
19439,Mid
19465,Mid
19527,Mid
19629,Mid
19801,Mid
19864,Mid
19903,Mid
19970,Mid
20053,Mid
20212,Mid
20360,Mid
20492,Mid
20664,Mid
20675,Mid
20751,Mid
20752,Mid
20854,Mid
20855,Mid
21062,Mid
21169,Mid
21401,Mid
21461,Mid
21594,Mid
21618,Mid
21625,Mid
21714,Mid
21752,Mid
21900,Mid
21919,Mid
22015,Mid
24,Mid
65,Mid
153,Mid
353,Mid
406,Mid
763,Mid
814,Mid
904,Mid
945,Mid
980,Mid
1045,Mid
1265,Mid
1766,Mid
2116,Mid
2128,Mid
2143,Mid
2598,Mid
2619,Mid
2653,Mid
2721,Mid
2743,Mid
2780,Mid
2793,Mid
2859,Mid
2931,Mid
2942,Mid
3075,Mid
3524,Mid
3532,Mid
3573,Mid
3609,Mid
3615,Mid
3729,Mid
3774,Mid
3775,Mid
3784,Mid
3785,Mid
4060,Mid
4111,Mid
4348,Mid
4398,Mid
4484,Mid
4714,Mid
4921,Mid
5005,Mid
5030,Mid
5117,Mid
5166,Mid
5196,Mid
5268,Mid
5340,Mid
5725,Mid
5731,Mid
5732,Mid
5761,Mid
5822,Mid
5939,Mid
6043,Mid
6071,Mid
6080,Mid
6258,Mid
6468,Mid
6534,Mid
6562,Mid
6668,Mid
6697,Mid
6869,Mid
6892,Mid
6961,Mid
7176,Mid
7303,Mid
7474,Mid
7515,Mid
7630,Mid
7687,Mid
7779,Mid
7785,Mid
7879,Mid
8260,Mid
8310,Mid
8698,Mid
8861,Mid
8886,Mid
8953,Mid
9076,Mid
9080,Mid
9103,Mid
9140,Mid
9221,Mid
9461,Mid
9477,Mid
9547,Mid
9635,Mid
10118,Mid
10207,Mid
10295,Mid
10466,Mid
10554,Mid
10567,Mid
10588,Mid
10598,Mid
10628,Mid
10665,Mid
10987,Mid
11003,Mid
11123,Mid
11472,Mid
11512,Mid
11604,Mid
11621,Mid
11846,Mid
11907,Mid
11938,Mid
11979,Mid
11981,Mid
12059,Mid
12095,Mid
12193,Mid
12203,Mid
12208,Mid
12218,Mid
12513,Mid
12594,Mid
12618,Mid
12740,Mid
12916,Mid
12999,Mid
13065,Mid
13082,Mid
13094,Mid
13310,Mid
13351,Mid
13362,Mid
13381,Mid
13460,Mid
13574,Mid
13818,Mid
14005,Mid
14006,Mid
14039,Mid
14129,Mid
14145,Mid
14317,Mid
14498,Mid
14580,Mid
14687,Mid
14737,Mid
14763,Mid
15054,Mid
15123,Mid
15170,Mid
15574,Mid
15696,Mid
15856,Mid
15988,Mid
16007,Mid
16131,Mid
16228,Mid
16238,Mid
16266,Mid
16290,Mid
16318,Mid
16511,Mid
16558,Mid
16637,Mid
16662,Mid
16806,Mid
16847,Mid
16909,Mid
16981,Mid
16984,Mid
17036,Mid
17067,Mid
17073,Mid
17108,Mid
17126,Mid
17313,Mid
17333,Mid
17355,Mid
17479,Mid
17521,Mid
17638,Mid
17716,Mid
17762,Mid
17765,Mid
17884,Mid
17903,Mid
18044,Mid
18104,Mid
18199,Mid
18224,Mid
18446,Mid
18543,Mid
18703,Mid
18704,Mid
18786,Mid
18836,Mid
18995,Mid
19009,Mid
19058,Mid
19491,Mid
19623,Mid
19671,Mid
19713,Mid
19749,Mid
19938,Mid
20011,Mid
20046,Mid
20047,Mid
20192,Mid
20249,Mid
20277,Mid
20315,Mid
20511,Mid
20541,Mid
20583,Mid
20588,Mid
20757,Mid
20828,Mid
20956,Mid
21007,Mid
21061,Mid
21154,Mid
21202,Mid
21238,Mid
21268,Mid
21342,Mid
21536,Mid
21641,Mid
21663,Mid
21804,Mid
21934,Mid
22024,Mid
30,Mid
104,Mid
129,Mid
209,Mid
232,Mid
236,Mid
475,Mid
493,Mid
653,Mid
697,Mid
891,Mid
1170,Mid
1252,Mid
1286,Mid
1391,Mid
1599,Mid
1714,Mid
1811,Mid
1852,Mid
1894,Mid
1926,Mid
1985,Mid
2043,Mid
2115,Mid
2239,Mid
2336,Mid
2400,Mid
2478,Mid
2501,Mid
2535,Mid
2550,Mid
2615,Mid
2814,Mid
2974,Mid
2977,Mid
3046,Mid
3070,Mid
3093,Mid
3099,Mid
3216,Mid
3303,Mid
3310,Mid
3330,Mid
3554,Mid
3697,Mid
3751,Mid
3913,Mid
3961,Mid
4049,Mid
4211,Mid
4334,Mid
4378,Mid
4434,Mid
4548,Mid
4587,Mid
4619,Mid
4758,Mid
5011,Mid
5015,Mid
5050,Mid
5092,Mid
5157,Mid
5386,Mid
5464,Mid
5485,Mid
5590,Mid
5683,Mid
5756,Mid
5848,Mid
5856,Mid
5858,Mid
5872,Mid
5969,Mid
6026,Mid
6235,Mid
6250,Mid
6327,Mid
6357,Mid
6513,Mid
6650,Mid
6674,Mid
6962,Mid
7024,Mid
7069,Mid
7157,Mid
7195,Mid
7322,Mid
7806,Mid
8018,Mid
8094,Mid
8144,Mid
8362,Mid
8382,Mid
8668,Mid
8690,Mid
8716,Mid
8721,Mid
8756,Mid
8833,Mid
8911,Mid
8913,Mid
8984,Mid
9042,Mid
9072,Mid
9112,Mid
9156,Mid
9171,Mid
9195,Mid
9258,Mid
9260,Mid
9346,Mid
9383,Mid
9493,Mid
9599,Mid
9851,Mid
9907,Mid
9953,Mid
10042,Mid
10088,Mid
10107,Mid
10283,Mid
10397,Mid
10425,Mid
10859,Mid
10897,Mid
10920,Mid
11035,Mid
11497,Mid
11513,Mid
11818,Mid
11888,Mid
12040,Mid
12118,Mid
12169,Mid
12270,Mid
12377,Mid
12400,Mid
12406,Mid
12407,Mid
12408,Mid
12558,Mid
12843,Mid
12851,Mid
12852,Mid
12866,Mid
12921,Mid
12936,Mid
12948,Mid
12986,Mid
13078,Mid
13130,Mid
13136,Mid
13302,Mid
13320,Mid
13455,Mid
13642,Mid
13674,Mid
13752,Mid
13791,Mid
13846,Mid
13984,Mid
13999,Mid
14012,Mid
14043,Mid
14199,Mid
14250,Mid
14290,Mid
14340,Mid
14515,Mid
14578,Mid
14606,Mid
14926,Mid
15074,Mid
15147,Mid
15408,Mid
15528,Mid
15545,Mid
15570,Mid
15702,Mid
15800,Mid
15813,Mid
15998,Mid
16115,Mid
16162,Mid
16258,Mid
16501,Mid
16626,Mid
16695,Mid
16728,Mid
16810,Mid
16940,Mid
17051,Mid
17183,Mid
17223,Mid
17478,Mid
17842,Mid
17906,Mid
17991,Mid
18008,Mid
18079,Mid
18714,Mid
18751,Mid
18937,Mid
18941,Mid
18949,Mid
19007,Mid
19376,Mid
19511,Mid
19514,Mid
19606,Mid
19607,Mid
19734,Mid
19771,Mid
19803,Mid
19875,Mid
19909,Mid
19948,Mid
19961,Mid
20014,Mid
20052,Mid
20218,Mid
20395,Mid
20405,Mid
20449,Mid
20450,Mid
20467,Mid
20527,Mid
20543,Mid
20630,Mid
20650,Mid
20762,Mid
20764,Mid
20811,Mid
20989,Mid
21093,Mid
21101,Mid
21124,Mid
21163,Mid
21167,Mid
21207,Mid
21261,Mid
21379,Mid
21603,Mid
21731,Mid
21758,Mid
21767,Mid
21916,Mid
21961,Mid
21962,Mid
21977,Mid
21994,Mid
93,Mid
109,Mid
135,Mid
151,Mid
199,Mid
245,Mid
300,Mid
443,Mid
466,Mid
667,Mid
739,Mid
946,Mid
1051,Mid
1273,Mid
1304,Mid
1441,Mid
1617,Mid
1711,Mid
1745,Mid
1795,Mid
1886,Mid
1889,Mid
1989,Mid
1990,Mid
2110,Mid
2134,Mid
2314,Mid
2363,Mid
2390,Mid
2447,Mid
2622,Mid
2742,Mid
2921,Mid
2975,Mid
3226,Mid
3227,Mid
3527,Mid
3531,Mid
3571,Mid
3592,Mid
3707,Mid
3766,Mid
3788,Mid
3827,Mid
4089,Mid
4139,Mid
4140,Mid
4168,Mid
4170,Mid
4193,Mid
4333,Mid
4359,Mid
4422,Mid
4682,Mid
4716,Mid
4799,Mid
4871,Mid
4873,Mid
4898,Mid
5105,Mid
5425,Mid
5463,Mid
5553,Mid
5612,Mid
5660,Mid
5737,Mid
5765,Mid
5792,Mid
5961,Mid
6405,Mid
6407,Mid
6523,Mid
6584,Mid
6676,Mid
6694,Mid
6696,Mid
6794,Mid
6900,Mid
6915,Mid
7006,Mid
7058,Mid
7333,Mid
7418,Mid
7550,Mid
7571,Mid
7601,Mid
7641,Mid
7670,Mid
7715,Mid
7742,Mid
7768,Mid
7769,Mid
7789,Mid
7816,Mid
7928,Mid
8073,Mid
8105,Mid
8170,Mid
8213,Mid
8280,Mid
8430,Mid
8441,Mid
8450,Mid
8452,Mid
8457,Mid
8524,Mid
8586,Mid
8643,Mid
8649,Mid
8686,Mid
8714,Mid
8958,Mid
9082,Mid
9144,Mid
9212,Mid
9399,Mid
9430,Mid
9499,Mid
9608,Mid
9625,Mid
9721,Mid
9899,Mid
10066,Mid
10100,Mid
10177,Mid
10324,Mid
10352,Mid
10362,Mid
10578,Mid
10695,Mid
10915,Mid
10931,Mid
10946,Mid
11121,Mid
11339,Mid
11352,Mid
11380,Mid
11592,Mid
11673,Mid
11686,Mid
11750,Mid
11764,Mid
11929,Mid
12113,Mid
12180,Mid
12392,Mid
12398,Mid
12405,Mid
12479,Mid
12501,Mid
12546,Mid
12611,Mid
12623,Mid
12657,Mid
12854,Mid
12860,Mid
12975,Mid
13006,Mid
13014,Mid
13019,Mid
13023,Mid
13057,Mid
13168,Mid
13214,Mid
13607,Mid
13728,Mid
13825,Mid
13838,Mid
14072,Mid
14094,Mid
14100,Mid
14169,Mid
14262,Mid
14341,Mid
14371,Mid
14410,Mid
14419,Mid
14463,Mid
14500,Mid
14735,Mid
14904,Mid
14913,Mid
14918,Mid
14923,Mid
14943,Mid
14964,Mid
15219,Mid
15230,Mid
15272,Mid
15274,Mid
15281,Mid
15296,Mid
15427,Mid
15431,Mid
15487,Mid
15542,Mid
15563,Mid
15601,Mid
15761,Mid
15883,Mid
15904,Mid
15934,Mid
15981,Mid
16030,Mid
16181,Mid
16261,Mid
16316,Mid
16636,Mid
16771,Mid
16888,Mid
16943,Mid
16993,Mid
17000,Mid
17143,Mid
17169,Mid
17201,Mid
17296,Mid
17354,Mid
17504,Mid
17545,Mid
17600,Mid
17612,Mid
17650,Mid
17678,Mid
17703,Mid
17705,Mid
17720,Mid
17748,Mid
17971,Mid
18063,Mid
18069,Mid
18101,Mid
18403,Mid
18409,Mid
18486,Mid
18499,Mid
18530,Mid
18655,Mid
18706,Mid
18866,Mid
18892,Mid
19055,Mid
19072,Mid
19224,Mid
19325,Mid
19370,Mid
19459,Mid
19504,Mid
19521,Mid
19525,Mid
19572,Mid
19858,Mid
19870,Mid
19881,Mid
19897,Mid
20054,Mid
20065,Mid
20121,Mid
20189,Mid
20220,Mid
20283,Mid
20352,Mid
20468,Mid
20761,Mid
20765,Mid
20779,Mid
20805,Mid
20839,Mid
20877,Mid
20994,Mid
21075,Mid
21113,Mid
21168,Mid
21181,Mid
21250,Mid
21251,Mid
21325,Mid
21667,Mid
21809,Mid
21838,Mid
21958,Mid
5,Mid
132,Mid
258,Mid
260,Mid
404,Mid
581,Mid
622,Mid
710,Mid
883,Mid
1016,Mid
1070,Mid
1117,Mid
1148,Mid
1457,Mid
1478,Mid
1614,Mid
1651,Mid
1669,Mid
1672,Mid
1855,Mid
1878,Mid
1940,Mid
1941,Mid
1968,Mid
2139,Mid
2182,Mid
2285,Mid
2512,Mid
2584,Mid
2591,Mid
2594,Mid
2628,Mid
2687,Mid
2707,Mid
2792,Mid
3009,Mid
3038,Mid
3246,Mid
3525,Mid
3676,Mid
3713,Mid
3837,Mid
3940,Mid
3957,Mid
3989,Mid
4040,Mid
4053,Mid
4081,Mid
4106,Mid
4133,Mid
4293,Mid
4351,Mid
4371,Mid
4406,Mid
4641,Mid
4707,Mid
4715,Mid
4741,Mid
4860,Mid
5140,Mid
5155,Mid
5169,Mid
5410,Mid
5437,Mid
5496,Mid
5679,Mid
5695,Mid
5709,Mid
5995,Mid
5997,Mid
6003,Mid
6021,Mid
6037,Mid
6061,Mid
6148,Mid
6169,Mid
6239,Mid
6248,Mid
6525,Mid
6542,Mid
6561,Mid
6649,Mid
6759,Mid
6806,Mid
6893,Mid
6988,Mid
7261,Mid
7508,Mid
7554,Mid
7636,Mid
7850,Mid
7902,Mid
7983,Mid
8185,Mid
8395,Mid
8535,Mid
8728,Mid
8732,Mid
8887,Mid
9008,Mid
9097,Mid
9105,Mid
9245,Mid
9246,Mid
9308,Mid
9500,Mid
9587,Mid
9701,Tail
9743,Tail
9784,Tail
9800,Tail
9842,Tail
9857,Tail
10048,Tail
10108,Tail
10119,Tail
10240,Tail
10416,Tail
10538,Tail
10651,Tail
10655,Tail
10668,Tail
10710,Tail
10815,Tail
10921,Tail
11042,Tail
11057,Tail
11140,Tail
11224,Tail
11230,Tail
11299,Tail
11358,Tail
11389,Tail
11617,Tail
11665,Tail
11680,Tail
11694,Tail
11775,Tail
11783,Tail
11828,Tail
11972,Tail
11996,Tail
12014,Tail
12125,Tail
12202,Tail
12364,Tail
12371,Tail
12381,Tail
12485,Tail
12521,Tail
12626,Tail
12627,Tail
12697,Tail
12702,Tail
12990,Tail
13040,Tail
13095,Tail
13201,Tail
13204,Tail
13364,Tail
13508,Tail
13649,Tail
13675,Tail
13711,Tail
13909,Tail
13983,Tail
14152,Tail
14184,Tail
14222,Tail
14384,Tail
14422,Tail
14437,Tail
14458,Tail
14477,Tail
14576,Tail
14593,Tail
14601,Tail
14629,Tail
14754,Tail
14774,Tail
14852,Tail
15005,Tail
15048,Tail
15064,Tail
15176,Tail
15334,Tail
15335,Tail
15357,Tail
15385,Tail
15646,Tail
15736,Tail
15747,Tail
15765,Tail
15785,Tail
15917,Tail
16067,Tail
16117,Tail
16343,Tail
16529,Tail
16575,Tail
16645,Tail
16689,Tail
16818,Tail
16837,Tail
16982,Tail
17030,Tail
17132,Tail
17222,Tail
17283,Tail
17571,Tail
17667,Tail
17730,Tail
17835,Tail
18041,Tail
18105,Tail
18107,Tail
18280,Tail
18285,Tail
18358,Tail
18473,Tail
18490,Tail
18584,Tail
18592,Tail
18633,Tail
18640,Tail
18721,Tail
18763,Tail
18792,Tail
18816,Tail
18868,Tail
18974,Tail
19116,Tail
19217,Tail
19290,Tail
19510,Tail
19573,Tail
19655,Tail
19727,Tail
19794,Tail
19805,Tail
19834,Tail
19988,Tail
19990,Tail
20064,Tail
20132,Tail
20199,Tail
20265,Tail
20303,Tail
20320,Tail
20364,Tail
20551,Tail
20633,Tail
20690,Tail
20856,Tail
20920,Tail
20937,Tail
20938,Tail
20946,Tail
21246,Tail
21304,Tail
21357,Tail
21360,Tail
21387,Tail
21414,Tail
21440,Tail
21485,Tail
21569,Tail
21598,Tail
21707,Tail
21712,Tail
21728,Tail
21770,Tail
21845,Tail
21857,Tail
21908,Tail
21912,Tail
21997,Tail
22028,Tail
43,Tail
52,Tail
88,Tail
92,Tail
155,Tail
182,Tail
329,Tail
363,Tail
426,Tail
478,Tail
500,Tail
1101,Tail
1105,Tail
1159,Tail
1220,Tail
1275,Tail
1279,Tail
1314,Tail
1449,Tail
1565,Tail
1626,Tail
1638,Tail
1646,Tail
1667,Tail
1752,Tail
1913,Tail
2026,Tail
2084,Tail
2209,Tail
2566,Tail
2759,Tail
2933,Tail
2955,Tail
2993,Tail
3007,Tail
3160,Tail
3200,Tail
3267,Tail
3402,Tail
3430,Tail
3630,Tail
3701,Tail
3722,Tail
3741,Tail
3743,Tail
3898,Tail
3901,Tail
3964,Tail
4038,Tail
4042,Tail
4086,Tail
4109,Tail
4129,Tail
4178,Tail
4182,Tail
4226,Tail
4395,Tail
4540,Tail
4563,Tail
4689,Tail
4759,Tail
4780,Tail
4928,Tail
4954,Tail
5018,Tail
5027,Tail
5051,Tail
5163,Tail
5225,Tail
5428,Tail
5627,Tail
5656,Tail
5716,Tail
5719,Tail
5721,Tail
5833,Tail
5861,Tail
5878,Tail
5906,Tail
5917,Tail
5991,Tail
6072,Tail
6091,Tail
6243,Tail
6246,Tail
6293,Tail
6358,Tail
6359,Tail
6433,Tail
6446,Tail
6484,Tail
6511,Tail
6517,Tail
6533,Tail
6653,Tail
6786,Tail
6857,Tail
6902,Tail
6903,Tail
6990,Tail
7053,Tail
7067,Tail
7089,Tail
7121,Tail
7220,Tail
7229,Tail
7266,Tail
7276,Tail
7396,Tail
7434,Tail
7534,Tail
7576,Tail
7669,Tail
7692,Tail
7693,Tail
7714,Tail
7735,Tail
7741,Tail
7790,Tail
7800,Tail
7915,Tail
8072,Tail
8106,Tail
8156,Tail
8198,Tail
8221,Tail
8338,Tail
8401,Tail
8487,Tail
8490,Tail
8624,Tail
8968,Tail
9077,Tail
9155,Tail
9220,Tail
9317,Tail
9334,Tail
9483,Tail
9524,Tail
9529,Tail
9539,Tail
9577,Tail
9652,Tail
9685,Tail
9692,Tail
9912,Tail
10011,Tail
10091,Tail
10194,Tail
10315,Tail
10335,Tail
10372,Tail
10374,Tail
10421,Tail
10480,Tail
10505,Tail
10509,Tail
10519,Tail
10646,Tail
10734,Tail
10741,Tail
10749,Tail
10844,Tail
11014,Tail
11114,Tail
11148,Tail
11312,Tail
11336,Tail
11722,Tail
11735,Tail
11901,Tail
11904,Tail
11997,Tail
12002,Tail
12008,Tail
12035,Tail
12063,Tail
12087,Tail
12229,Tail
12247,Tail
12265,Tail
12306,Tail
12502,Tail
12515,Tail
12559,Tail
12580,Tail
12680,Tail
12701,Tail
12828,Tail
12849,Tail
12872,Tail
12877,Tail
12935,Tail
13036,Tail
13053,Tail
13058,Tail
13077,Tail
13109,Tail
13122,Tail
13139,Tail
13160,Tail
13167,Tail
13242,Tail
13292,Tail
13363,Tail
13385,Tail
13394,Tail
13611,Tail
13789,Tail
14029,Tail
14056,Tail
14071,Tail
14089,Tail
14116,Tail
14256,Tail
14344,Tail
14536,Tail
14552,Tail
14596,Tail
14768,Tail
14799,Tail
14896,Tail
14990,Tail
15253,Tail
15329,Tail
15338,Tail
15361,Tail
15830,Tail
15952,Tail
16061,Tail
16218,Tail
16320,Tail
16337,Tail
16449,Tail
16901,Tail
16914,Tail
17044,Tail
17053,Tail
17115,Tail
17129,Tail
17190,Tail
17261,Tail
17263,Tail
17397,Tail
17399,Tail
17508,Tail
17570,Tail
17624,Tail
17750,Tail
17904,Tail
17905,Tail
17982,Tail
18217,Tail
18221,Tail
18327,Tail
18478,Tail
18554,Tail
18623,Tail
18822,Tail
18951,Tail
18953,Tail
19053,Tail
19066,Tail
19196,Tail
19349,Tail
19411,Tail
19610,Tail
19714,Tail
19742,Tail
20008,Tail
20040,Tail
20103,Tail
20114,Tail
20126,Tail
20139,Tail
20152,Tail
20183,Tail
20433,Tail
20557,Tail
20712,Tail
20778,Tail
20973,Tail
21065,Tail
21084,Tail
21216,Tail
21298,Tail
21366,Tail
21386,Tail
21418,Tail
21463,Tail
21596,Tail
21601,Tail
21604,Tail
21701,Tail
21754,Tail
21757,Tail
21806,Tail
21874,Tail
21887,Tail
21928,Tail
54,Tail
61,Tail
90,Tail
91,Tail
168,Tail
179,Tail
212,Tail
298,Tail
322,Tail
327,Tail
445,Tail
531,Tail
567,Tail
663,Tail
670,Tail
756,Tail
867,Tail
1172,Tail
1230,Tail
1381,Tail
1404,Tail
1424,Tail
1429,Tail
1436,Tail
1442,Tail
1514,Tail
1554,Tail
1569,Tail
1573,Tail
1721,Tail
1764,Tail
1786,Tail
1856,Tail
1898,Tail
2260,Tail
2389,Tail
2397,Tail
2413,Tail
2581,Tail
2634,Tail
2667,Tail
2676,Tail
2690,Tail
2697,Tail
2717,Tail
2922,Tail
2952,Tail
3020,Tail
3058,Tail
3060,Tail
3132,Tail
3273,Tail
3339,Tail
3468,Tail
3516,Tail
3569,Tail
3608,Tail
3633,Tail
3711,Tail
3797,Tail
3815,Tail
3877,Tail
3936,Tail
4021,Tail
4033,Tail
4254,Tail
4431,Tail
4469,Tail
4509,Tail
4545,Tail
4555,Tail
4589,Tail
4601,Tail
4677,Tail
4679,Tail
4686,Tail
4697,Tail
4704,Tail
4899,Tail
4991,Tail
5007,Tail
5083,Tail
5133,Tail
5165,Tail
5192,Tail
5229,Tail
5243,Tail
5527,Tail
5559,Tail
5582,Tail
5602,Tail
5604,Tail
5613,Tail
5684,Tail
5787,Tail
5814,Tail
5842,Tail
5887,Tail
5915,Tail
5928,Tail
5982,Tail
6171,Tail
6179,Tail
6194,Tail
6207,Tail
6381,Tail
6404,Tail
6457,Tail
6463,Tail
6647,Tail
6683,Tail
6730,Tail
6878,Tail
6914,Tail
7046,Tail
7073,Tail
7075,Tail
7197,Tail
7298,Tail
7331,Tail
7373,Tail
7664,Tail
7677,Tail
7718,Tail
7836,Tail
7867,Tail
7885,Tail
8056,Tail
8123,Tail
8292,Tail
8303,Tail
8460,Tail
8507,Tail
8600,Tail
8822,Tail
8838,Tail
8970,Tail
9089,Tail
9219,Tail
9359,Tail
9368,Tail
9520,Tail
9704,Tail
9759,Tail
9762,Tail
9786,Tail
9810,Tail
9880,Tail
10062,Tail
10087,Tail
10115,Tail
10287,Tail
10356,Tail
10357,Tail
10375,Tail
10436,Tail
10461,Tail
10523,Tail
10524,Tail
10535,Tail
10622,Tail
10663,Tail
10758,Tail
10806,Tail
10839,Tail
11031,Tail
11132,Tail
11329,Tail
11385,Tail
11461,Tail
11464,Tail
11474,Tail
11715,Tail
11763,Tail
11902,Tail
11920,Tail
11921,Tail
11962,Tail
12006,Tail
12048,Tail
12177,Tail
12240,Tail
12414,Tail
12421,Tail
12438,Tail
12474,Tail
12476,Tail
12532,Tail
12548,Tail
12634,Tail
12676,Tail
12839,Tail
12845,Tail
12885,Tail
12908,Tail
12925,Tail
13026,Tail
13051,Tail
13106,Tail
13171,Tail
13234,Tail
13332,Tail
13340,Tail
13346,Tail
13393,Tail
13529,Tail
13562,Tail
13584,Tail
13662,Tail
13670,Tail
13819,Tail
13843,Tail
14095,Tail
14097,Tail
14134,Tail
14158,Tail
14159,Tail
14181,Tail
14311,Tail
14373,Tail
14521,Tail
14544,Tail
14567,Tail
14577,Tail
14626,Tail
14690,Tail
14804,Tail
14898,Tail
14917,Tail
14980,Tail
15030,Tail
15135,Tail
15207,Tail
15280,Tail
15316,Tail
15359,Tail
15770,Tail
15915,Tail
16023,Tail
16143,Tail
16357,Tail
16380,Tail
16446,Tail
16513,Tail
16532,Tail
16623,Tail
16664,Tail
16700,Tail
16742,Tail
16868,Tail
16935,Tail
16989,Tail
17166,Tail
17285,Tail
17573,Tail
17861,Tail
17910,Tail
18111,Tail
18193,Tail
18238,Tail
18239,Tail
18265,Tail
18293,Tail
18298,Tail
18375,Tail
18448,Tail
18467,Tail
18512,Tail
18532,Tail
18628,Tail
18734,Tail
18762,Tail
18776,Tail
18796,Tail
19026,Tail
19145,Tail
19155,Tail
19266,Tail
19268,Tail
19299,Tail
19508,Tail
19588,Tail
19693,Tail
19758,Tail
19772,Tail
19872,Tail
19874,Tail
19886,Tail
19908,Tail
19962,Tail
20090,Tail
20245,Tail
20282,Tail
20291,Tail
20294,Tail
20316,Tail
20349,Tail
20351,Tail
20460,Tail
20505,Tail
20569,Tail
20591,Tail
20677,Tail
20717,Tail
20809,Tail
20825,Tail
20868,Tail
20954,Tail
20968,Tail
21150,Tail
21301,Tail
21521,Tail
21556,Tail
21587,Tail
21629,Tail
21736,Tail
21788,Tail
21858,Tail
21998,Tail
22018,Tail
27,Tail
29,Tail
35,Tail
152,Tail
161,Tail
282,Tail
293,Tail
468,Tail
509,Tail
521,Tail
627,Tail
759,Tail
780,Tail
858,Tail
890,Tail
915,Tail
992,Tail
1088,Tail
1297,Tail
1328,Tail
1512,Tail
1522,Tail
1613,Tail
1742,Tail
1827,Tail
1885,Tail
1912,Tail
1916,Tail
1917,Tail
2002,Tail
2021,Tail
2025,Tail
2064,Tail
2120,Tail
2132,Tail
2334,Tail
2518,Tail
2520,Tail
2561,Tail
2580,Tail
2605,Tail
2696,Tail
2761,Tail
2852,Tail
2909,Tail
3053,Tail
3066,Tail
3080,Tail
3097,Tail
3130,Tail
3250,Tail
3304,Tail
3411,Tail
3419,Tail
3586,Tail
3611,Tail
3638,Tail
3654,Tail
3673,Tail
3688,Tail
3801,Tail
3814,Tail
3847,Tail
3861,Tail
3884,Tail
3904,Tail
4013,Tail
4024,Tail
4090,Tail
4105,Tail
4132,Tail
4142,Tail
4277,Tail
4346,Tail
4647,Tail
4729,Tail
4742,Tail
4761,Tail
4765,Tail
4842,Tail
4978,Tail
5002,Tail
5071,Tail
5107,Tail
5150,Tail
5441,Tail
5460,Tail
5466,Tail
5625,Tail
5714,Tail
5718,Tail
5726,Tail
5741,Tail
5880,Tail
6032,Tail
6054,Tail
6206,Tail
6221,Tail
6278,Tail
6342,Tail
6423,Tail
6503,Tail
6821,Tail
6934,Tail
6941,Tail
6964,Tail
6992,Tail
7083,Tail
7141,Tail
7181,Tail
7210,Tail
7240,Tail
7281,Tail
7307,Tail
7441,Tail
7457,Tail
7519,Tail
7564,Tail
7695,Tail
7761,Tail
7780,Tail
7919,Tail
7929,Tail
7977,Tail
8021,Tail
8063,Tail
8132,Tail
8183,Tail
8246,Tail
8404,Tail
8456,Tail
8463,Tail
8533,Tail
8540,Tail
8568,Tail
8576,Tail
8782,Tail
8799,Tail
8972,Tail
9031,Tail
9102,Tail
9187,Tail
9225,Tail
9381,Tail
9448,Tail
9584,Tail
9616,Tail
9714,Tail
9732,Tail
9870,Tail
10103,Tail
10123,Tail
10188,Tail
10282,Tail
10344,Tail
10377,Tail
10386,Tail
10392,Tail
10576,Tail
10726,Tail
10729,Tail
10752,Tail
10866,Tail
10877,Tail
10880,Tail
10890,Tail
10948,Tail
10968,Tail
11013,Tail
11024,Tail
11037,Tail
11044,Tail
11066,Tail
11210,Tail
11249,Tail
11280,Tail
11337,Tail
11419,Tail
11505,Tail
11509,Tail
11645,Tail
11732,Tail
11989,Tail
12056,Tail
12144,Tail
12212,Tail
12255,Tail
12281,Tail
12302,Tail
12320,Tail
12340,Tail
12354,Tail
12417,Tail
12422,Tail
12426,Tail
12429,Tail
12490,Tail
12534,Tail
12643,Tail
12659,Tail
12736,Tail
12884,Tail
12927,Tail
12950,Tail
12963,Tail
13025,Tail
13164,Tail
13186,Tail
13303,Tail
13307,Tail
13328,Tail
13334,Tail
13391,Tail
13454,Tail
13518,Tail
13552,Tail
13696,Tail
13703,Tail
13716,Tail
13758,Tail
13762,Tail
13784,Tail
13790,Tail
13885,Tail
13990,Tail
14059,Tail
14223,Tail
14282,Tail
14306,Tail
14407,Tail
14447,Tail
14453,Tail
14478,Tail
14562,Tail
14573,Tail
14615,Tail
14633,Tail
14662,Tail
15028,Tail
15103,Tail
15171,Tail
15200,Tail
15242,Tail
15319,Tail
15341,Tail
15567,Tail
15681,Tail
15962,Tail
15993,Tail
16065,Tail
16151,Tail
16184,Tail
16191,Tail
16301,Tail
16360,Tail
16421,Tail
16489,Tail
16494,Tail
16550,Tail
16604,Tail
16705,Tail
16799,Tail
16851,Tail
16897,Tail
16986,Tail
16987,Tail
17018,Tail
17127,Tail
17173,Tail
17199,Tail
17236,Tail
17278,Tail
17325,Tail
17433,Tail
17496,Tail
17526,Tail
17569,Tail
17588,Tail
17660,Tail
17744,Tail
17871,Tail
17955,Tail
18009,Tail
18045,Tail
18050,Tail
18129,Tail
18275,Tail
18399,Tail
18523,Tail
18556,Tail
18571,Tail
18618,Tail
18666,Tail
18672,Tail
18741,Tail
18835,Tail
18847,Tail
18860,Tail
18894,Tail
18933,Tail
18989,Tail
18990,Tail
19003,Tail
19027,Tail
19037,Tail
19098,Tail
19215,Tail
19277,Tail
19372,Tail
19405,Tail
19418,Tail
19515,Tail
19692,Tail
19699,Tail
19731,Tail
19785,Tail
19786,Tail
19821,Tail
19839,Tail
19911,Tail
19932,Tail
19982,Tail
19989,Tail
19991,Tail
19993,Tail
20037,Tail
20141,Tail
20153,Tail
20278,Tail
20314,Tail
20326,Tail
20343,Tail
20362,Tail
20396,Tail
20400,Tail
20502,Tail
20529,Tail
20567,Tail
20577,Tail
20777,Tail
20780,Tail
20979,Tail
21034,Tail
21171,Tail
21260,Tail
21423,Tail
21590,Tail
21626,Tail
21628,Tail
21688,Tail
21697,Tail
21776,Tail
21790,Tail
21820,Tail
21836,Tail
21851,Tail
22010,Tail
58,Tail
98,Tail
102,Tail
165,Tail
187,Tail
202,Tail
205,Tail
347,Tail
358,Tail
368,Tail
377,Tail
396,Tail
437,Tail
481,Tail
519,Tail
827,Tail
850,Tail
978,Tail
1204,Tail
1210,Tail
1296,Tail
1317,Tail
1376,Tail
1387,Tail
1486,Tail
1577,Tail
1725,Tail
1768,Tail
1777,Tail
1821,Tail
1895,Tail
1896,Tail
1900,Tail
2032,Tail
2066,Tail
2126,Tail
2265,Tail
2343,Tail
2396,Tail
2412,Tail
2504,Tail
2573,Tail
2791,Tail
2848,Tail
3192,Tail
3311,Tail
3384,Tail
3397,Tail
3417,Tail
3539,Tail
3640,Tail
3642,Tail
3647,Tail
3667,Tail
3760,Tail
3824,Tail
3888,Tail
3889,Tail
4011,Tail
4156,Tail
4169,Tail
4202,Tail
4218,Tail
4433,Tail
4440,Tail
4520,Tail
4572,Tail
4613,Tail
4634,Tail
4637,Tail
4705,Tail
4717,Tail
4897,Tail
4974,Tail
5065,Tail
5086,Tail
5098,Tail
5158,Tail
5201,Tail
5220,Tail
5289,Tail
5311,Tail
5389,Tail
5421,Tail
5482,Tail
5573,Tail
5585,Tail
5594,Tail
5734,Tail
5758,Tail
5795,Tail
5817,Tail
5839,Tail
5897,Tail
6086,Tail
6090,Tail
6147,Tail
6247,Tail
6251,Tail
6264,Tail
6272,Tail
6300,Tail
6341,Tail
6379,Tail
6409,Tail
6521,Tail
6568,Tail
6655,Tail
6658,Tail
6708,Tail
6860,Tail
6985,Tail
7008,Tail
7026,Tail
7049,Tail
7054,Tail
7081,Tail
7103,Tail
7142,Tail
7196,Tail
7223,Tail
7248,Tail
7274,Tail
7339,Tail
7420,Tail
7452,Tail
7460,Tail
7489,Tail
7512,Tail
7600,Tail
7659,Tail
7696,Tail
7771,Tail
7815,Tail
7855,Tail
7870,Tail
7930,Tail
8030,Tail
8034,Tail
8064,Tail
8129,Tail
8306,Tail
8437,Tail
8563,Tail
8575,Tail
8616,Tail
8673,Tail
8720,Tail
8810,Tail
8924,Tail
9122,Tail
9141,Tail
9302,Tail
9566,Tail
9651,Tail
9669,Tail
9893,Tail
9910,Tail
9918,Tail
9929,Tail
9941,Tail
10008,Tail
10014,Tail
10032,Tail
10056,Tail
10406,Tail
10417,Tail
10491,Tail
10585,Tail
10601,Tail
10640,Tail
10669,Tail
10686,Tail
10778,Tail
10865,Tail
10912,Tail
10913,Tail
10992,Tail
11022,Tail
11041,Tail
11137,Tail
11177,Tail
11195,Tail
11262,Tail
11554,Tail
11766,Tail
11780,Tail
11803,Tail
11857,Tail
11885,Tail
11928,Tail
11959,Tail
11999,Tail
12027,Tail
12066,Tail
12124,Tail
12236,Tail
12268,Tail
12328,Tail
12432,Tail
12540,Tail
12600,Tail
12630,Tail
12651,Tail
12672,Tail
12880,Tail
12937,Tail
13043,Tail
13138,Tail
13146,Tail
13158,Tail
13208,Tail
13244,Tail
13252,Tail
13283,Tail
13633,Tail
13722,Tail
13746,Tail
13760,Tail
13852,Tail
13882,Tail
13904,Tail
13944,Tail
13992,Tail
14011,Tail
14124,Tail
14434,Tail
14486,Tail
14513,Tail
14541,Tail
14702,Tail
14878,Tail
14909,Tail
14955,Tail
14994,Tail
14995,Tail
15020,Tail
15203,Tail
15330,Tail
15446,Tail
15464,Tail
15493,Tail
15555,Tail
15579,Tail
15653,Tail
15784,Tail
15919,Tail
15970,Tail
15971,Tail
16029,Tail
16128,Tail
16166,Tail
16219,Tail
16329,Tail
16375,Tail
16434,Tail
16445,Tail
16464,Tail
16473,Tail
16520,Tail
16596,Tail
16647,Tail
16653,Tail
16681,Tail
16779,Tail
16782,Tail
16786,Tail
16787,Tail
16823,Tail
16870,Tail
17010,Tail
17049,Tail
17136,Tail
17225,Tail
17238,Tail
17255,Tail
17287,Tail
17436,Tail
17601,Tail
17603,Tail
17614,Tail
17627,Tail
17659,Tail
17699,Tail
17735,Tail
17757,Tail
17821,Tail
17893,Tail
17929,Tail
17940,Tail
18068,Tail
18303,Tail
18333,Tail
18357,Tail
18385,Tail
18402,Tail
18518,Tail
18579,Tail
18629,Tail
18638,Tail
18639,Tail
18699,Tail
18731,Tail
18800,Tail
18852,Tail
18881,Tail
18893,Tail
18905,Tail
19082,Tail
19175,Tail
19183,Tail
19280,Tail
19326,Tail
19409,Tail
19451,Tail
19505,Tail
19587,Tail
19608,Tail
19668,Tail
19686,Tail
19707,Tail
19804,Tail
19848,Tail
19912,Tail
19983,Tail
20084,Tail
20125,Tail
20131,Tail
20142,Tail
20236,Tail
20402,Tail
20455,Tail
20593,Tail
20671,Tail
20691,Tail
20713,Tail
20740,Tail
20745,Tail
20756,Tail
20786,Tail
20865,Tail
20869,Tail
20916,Tail
20953,Tail
21055,Tail
21112,Tail
21128,Tail
21222,Tail
21224,Tail
21294,Tail
21365,Tail
21398,Tail
21519,Tail
21534,Tail
21563,Tail
21724,Tail
21726,Tail
21730,Tail
21766,Tail
21852,Tail
21856,Tail
21929,Tail
21955,Tail
21960,Tail
22012,Tail
40,Tail
181,Tail
198,Tail
244,Tail
256,Tail
483,Tail
540,Tail
572,Tail
605,Tail
607,Tail
624,Tail
652,Tail
685,Tail
705,Tail
776,Tail
990,Tail
1041,Tail
1153,Tail
1195,Tail
1246,Tail
1384,Tail
1401,Tail
1481,Tail
1601,Tail
1624,Tail
1673,Tail
1696,Tail
1833,Tail
1835,Tail
1875,Tail
2014,Tail
2167,Tail
2178,Tail
2346,Tail
2362,Tail
2445,Tail
2657,Tail
2674,Tail
2719,Tail
2775,Tail
2796,Tail
2847,Tail
2875,Tail
2963,Tail
3155,Tail
3292,Tail
3356,Tail
3410,Tail
3436,Tail
3469,Tail
3482,Tail
3514,Tail
3593,Tail
3597,Tail
3694,Tail
3695,Tail
3761,Tail
3787,Tail
3844,Tail
3859,Tail
3917,Tail
3933,Tail
3949,Tail
3974,Tail
4005,Tail
4035,Tail
4272,Tail
4350,Tail
4438,Tail
4445,Tail
4447,Tail
4525,Tail
4569,Tail
4594,Tail
4709,Tail
4713,Tail
4718,Tail
4744,Tail
4755,Tail
4822,Tail
4923,Tail
4935,Tail
5053,Tail
5069,Tail
5091,Tail
5184,Tail
5301,Tail
5346,Tail
5411,Tail
5491,Tail
5544,Tail
5545,Tail
5583,Tail
5596,Tail
5722,Tail
5774,Tail
5821,Tail
5864,Tail
5926,Tail
5940,Tail
5944,Tail
5952,Tail
5984,Tail
6005,Tail
6027,Tail
6046,Tail
6056,Tail
6070,Tail
6112,Tail
6201,Tail
6249,Tail
6282,Tail
6502,Tail
6543,Tail
6586,Tail
6660,Tail
6703,Tail
6832,Tail
6956,Tail
7032,Tail
7123,Tail
7133,Tail
7139,Tail
7326,Tail
7332,Tail
7359,Tail
7500,Tail
7503,Tail
7556,Tail
7574,Tail
7801,Tail
7845,Tail
7876,Tail
7877,Tail
7954,Tail
8042,Tail
8046,Tail
8095,Tail
8098,Tail
8168,Tail
8228,Tail
8343,Tail
8459,Tail
8477,Tail
8538,Tail
8602,Tail
8630,Tail
8631,Tail
8635,Tail
8644,Tail
8664,Tail
8729,Tail
8749,Tail
8876,Tail
8891,Tail
9019,Tail
9020,Tail
9069,Tail
9081,Tail
9125,Tail
9154,Tail
9194,Tail
9266,Tail
9277,Tail
9283,Tail
9305,Tail
9384,Tail
9431,Tail
9555,Tail
9570,Tail
9645,Tail
9690,Tail
9723,Tail
9854,Tail
10035,Tail
10080,Tail
10125,Tail
10130,Tail
10186,Tail
10242,Tail
10260,Tail
10503,Tail
10526,Tail
10568,Tail
10572,Tail
10589,Tail
10667,Tail
10674,Tail
10704,Tail
10718,Tail
10779,Tail
10808,Tail
10892,Tail
10904,Tail
11046,Tail
11069,Tail
11169,Tail
11203,Tail
11247,Tail
11344,Tail
11469,Tail
11616,Tail
11690,Tail
11759,Tail
11903,Tail
11908,Tail
11912,Tail
11965,Tail
11992,Tail
12033,Tail
12085,Tail
12108,Tail
12135,Tail
12168,Tail
12185,Tail
12215,Tail
12617,Tail
12652,Tail
12681,Tail
12792,Tail
12899,Tail
12951,Tail
13001,Tail
13048,Tail
13074,Tail
13253,Tail
13337,Tail
13408,Tail
13416,Tail
13472,Tail
13547,Tail
13579,Tail
13587,Tail
13610,Tail
13637,Tail
13720,Tail
13745,Tail
13788,Tail
13798,Tail
13817,Tail
13836,Tail
13847,Tail
13900,Tail
13953,Tail
13981,Tail
14021,Tail
14172,Tail
14186,Tail
14236,Tail
14301,Tail
14366,Tail
14375,Tail
14385,Tail
14389,Tail
14480,Tail
14558,Tail
14618,Tail
14693,Tail
14752,Tail
14807,Tail
14873,Tail
14905,Tail
14937,Tail
15032,Tail
15145,Tail
15150,Tail
15227,Tail
15232,Tail
15315,Tail
15353,Tail
15404,Tail
15645,Tail
15669,Tail
15683,Tail
15693,Tail
15740,Tail
15789,Tail
15834,Tail
15974,Tail
16135,Tail
16188,Tail
16189,Tail
16227,Tail
16242,Tail
16382,Tail
16518,Tail
16546,Tail
16680,Tail
16724,Tail
16732,Tail
16778,Tail
16800,Tail
16900,Tail
17055,Tail
17146,Tail
17162,Tail
17191,Tail
17224,Tail
17230,Tail
17241,Tail
17251,Tail
17284,Tail
17320,Tail
17347,Tail
17429,Tail
17532,Tail
17551,Tail
17554,Tail
17592,Tail
17610,Tail
17655,Tail
17662,Tail
17828,Tail
17947,Tail
17984,Tail
18059,Tail
18103,Tail
18113,Tail
18158,Tail
18260,Tail
18270,Tail
18278,Tail
18284,Tail
18360,Tail
18545,Tail
18562,Tail
18834,Tail
18853,Tail
18886,Tail
18896,Tail
18897,Tail
18961,Tail
18980,Tail
19059,Tail
19074,Tail
19135,Tail
19214,Tail
19309,Tail
19346,Tail
19352,Tail
19520,Tail
19642,Tail
19647,Tail
19658,Tail
19733,Tail
19862,Tail
19969,Tail
19987,Tail
20017,Tail
20022,Tail
20033,Tail
20111,Tail
20166,Tail
20200,Tail
20209,Tail
20234,Tail
20339,Tail
20397,Tail
20453,Tail
20494,Tail
20643,Tail
20680,Tail
20772,Tail
20806,Tail
20812,Tail
20822,Tail
20830,Tail
20875,Tail
20891,Tail
20955,Tail
21005,Tail
21071,Tail
21102,Tail
21228,Tail
21336,Tail
21355,Tail
21359,Tail
21376,Tail
21442,Tail
21446,Tail
21484,Tail
21535,Tail
21577,Tail
21662,Tail
21829,Tail
21855,Tail
21903,Tail
22017,Tail
9,Tail
33,Tail
66,Tail
272,Tail
335,Tail
355,Tail
403,Tail
407,Tail
508,Tail
545,Tail
563,Tail
587,Tail
603,Tail
640,Tail
836,Tail
840,Tail
914,Tail
939,Tail
991,Tail
998,Tail
1038,Tail
1060,Tail
1134,Tail
1152,Tail
1163,Tail
1164,Tail
1271,Tail
1285,Tail
1290,Tail
1303,Tail
1365,Tail
1371,Tail
1413,Tail
1421,Tail
1487,Tail
1557,Tail
1635,Tail
1729,Tail
1771,Tail
1782,Tail
1797,Tail
1882,Tail
2018,Tail
2057,Tail
2096,Tail
2112,Tail
2140,Tail
2179,Tail
2251,Tail
2286,Tail
2401,Tail
2417,Tail
2595,Tail
2610,Tail
2670,Tail
2710,Tail
2758,Tail
2861,Tail
2884,Tail
2885,Tail
2911,Tail
2958,Tail
3067,Tail
3217,Tail
3350,Tail
3362,Tail
3461,Tail
3497,Tail
3521,Tail
3540,Tail
3572,Tail
3589,Tail
3719,Tail
3769,Tail
3890,Tail
3911,Tail
4093,Tail
4214,Tail
4282,Tail
4310,Tail
4327,Tail
4464,Tail
4468,Tail
4491,Tail
4504,Tail
4595,Tail
4627,Tail
4666,Tail
4676,Tail
4733,Tail
4775,Tail
4779,Tail
4793,Tail
4808,Tail
4887,Tail
4905,Tail
4910,Tail
4926,Tail
5087,Tail
5178,Tail
5214,Tail
5283,Tail
5287,Tail
5344,Tail
5354,Tail
5435,Tail
5487,Tail
5498,Tail
5547,Tail
5636,Tail
5747,Tail
5860,Tail
5919,Tail
5949,Tail
5951,Tail
5996,Tail
6141,Tail
6505,Tail
6539,Tail
6540,Tail
6566,Tail
6597,Tail
6741,Tail
6789,Tail
6790,Tail
6856,Tail
6901,Tail
7005,Tail
7071,Tail
7205,Tail
7265,Tail
7305,Tail
7313,Tail
7384,Tail
7501,Tail
7581,Tail
7631,Tail
7691,Tail
7700,Tail
7759,Tail
7774,Tail
7788,Tail
7802,Tail
7808,Tail
7841,Tail
7853,Tail
7863,Tail
7894,Tail
7978,Tail
8083,Tail
8104,Tail
8442,Tail
8699,Tail
8702,Tail
8778,Tail
8811,Tail
8892,Tail
9021,Tail
9041,Tail
9133,Tail
9160,Tail
9175,Tail
9199,Tail
9203,Tail
9244,Tail
9275,Tail
9293,Tail
9310,Tail
9342,Tail
9365,Tail
9386,Tail
9517,Tail
9596,Tail
9612,Tail
9731,Tail
9797,Tail
9816,Tail
10029,Tail
10097,Tail
10149,Tail
10175,Tail
10184,Tail
10201,Tail
10328,Tail
10346,Tail
10393,Tail
10450,Tail
10471,Tail
10493,Tail
10528,Tail
10603,Tail
10645,Tail
10659,Tail
10740,Tail
10774,Tail
10786,Tail
10827,Tail
10882,Tail
10925,Tail
10997,Tail
11047,Tail
11051,Tail
11151,Tail
11163,Tail
11243,Tail
11313,Tail
11386,Tail
11399,Tail
11541,Tail
11546,Tail
11637,Tail
11695,Tail
11704,Tail
11705,Tail
11749,Tail
11852,Tail
11932,Tail
11939,Tail
11967,Tail
12038,Tail
12101,Tail
12186,Tail
12190,Tail
12210,Tail
12238,Tail
12259,Tail
12299,Tail
12520,Tail
12625,Tail
12694,Tail
12707,Tail
12865,Tail
12934,Tail
12961,Tail
13002,Tail
13003,Tail
13111,Tail
13137,Tail
13243,Tail
13248,Tail
13350,Tail
13379,Tail
13390,Tail
13430,Tail
13439,Tail
13448,Tail
13481,Tail
13528,Tail
13614,Tail
13781,Tail
13796,Tail
13839,Tail
13893,Tail
14002,Tail
14045,Tail
14147,Tail
14162,Tail
14202,Tail
14300,Tail
14429,Tail
14481,Tail
14532,Tail
14569,Tail
14628,Tail
14635,Tail
14636,Tail
14762,Tail
14879,Tail
14897,Tail
14933,Tail
15029,Tail
15091,Tail
15198,Tail
15206,Tail
15292,Tail
15339,Tail
15358,Tail
15421,Tail
15426,Tail
15716,Tail
15728,Tail
15753,Tail
15871,Tail
16037,Tail
16051,Tail
16153,Tail
16168,Tail
16171,Tail
16187,Tail
16281,Tail
16344,Tail
16407,Tail
16415,Tail
16438,Tail
16488,Tail
16559,Tail
16699,Tail
16864,Tail
16881,Tail
16891,Tail
17004,Tail
17085,Tail
17178,Tail
17244,Tail
17247,Tail
17249,Tail
17256,Tail
17329,Tail
17360,Tail
17471,Tail
17506,Tail
17589,Tail
17617,Tail
17631,Tail
17888,Tail
17914,Tail
17930,Tail
17973,Tail
18032,Tail
18067,Tail
18073,Tail
18099,Tail
18236,Tail
18281,Tail
18296,Tail
18320,Tail
18347,Tail
18390,Tail
18634,Tail
18636,Tail
18774,Tail
18784,Tail
18839,Tail
18851,Tail
18936,Tail
19051,Tail
19067,Tail
19117,Tail
19144,Tail
19260,Tail
19261,Tail
19265,Tail
19347,Tail
19358,Tail
19441,Tail
19496,Tail
19498,Tail
19604,Tail
19632,Tail
19740,Tail
19765,Tail
19823,Tail
19828,Tail
19831,Tail
19873,Tail
19900,Tail
19914,Tail
20038,Tail
20042,Tail
20058,Tail
20075,Tail
20119,Tail
20124,Tail
20208,Tail
20221,Tail
20223,Tail
20344,Tail
20365,Tail
20367,Tail
20419,Tail
20423,Tail
20436,Tail
20437,Tail
20490,Tail
20491,Tail
20534,Tail
20607,Tail
20622,Tail
20632,Tail
20744,Tail
20833,Tail
20840,Tail
20870,Tail
20872,Tail
20874,Tail
20933,Tail
20959,Tail
21143,Tail
21164,Tail
21173,Tail
21174,Tail
21175,Tail
21192,Tail
21193,Tail
21419,Tail
21438,Tail
21492,Tail
21539,Tail
21565,Tail
21571,Tail
21643,Tail
21725,Tail
21733,Tail
21740,Tail
21825,Tail
21837,Tail
21863,Tail
21933,Tail
21948,Tail
21987,Tail
22035,Tail
13,Tail
56,Tail
180,Tail
195,Tail
211,Tail
215,Tail
280,Tail
376,Tail
398,Tail
427,Tail
526,Tail
537,Tail
633,Tail
637,Tail
639,Tail
744,Tail
787,Tail
812,Tail
855,Tail
874,Tail
884,Tail
932,Tail
937,Tail
983,Tail
1000,Tail
1030,Tail
1119,Tail
1167,Tail
1190,Tail
1208,Tail
1215,Tail
1284,Tail
1324,Tail
1364,Tail
1418,Tail
1456,Tail
1526,Tail
1568,Tail
1594,Tail
1621,Tail
1676,Tail
1792,Tail
1874,Tail
1905,Tail
1935,Tail
1945,Tail
1966,Tail
1973,Tail
2042,Tail
2053,Tail
2055,Tail
2073,Tail
2075,Tail
2129,Tail
2213,Tail
2230,Tail
2355,Tail
2386,Tail
2612,Tail
2631,Tail
2662,Tail
2682,Tail
2764,Tail
2832,Tail
2897,Tail
2987,Tail
3054,Tail
3135,Tail
3176,Tail
3191,Tail
3241,Tail
3276,Tail
3367,Tail
3377,Tail
3408,Tail
3427,Tail
3451,Tail
3460,Tail
3471,Tail
3486,Tail
3491,Tail
3496,Tail
3499,Tail
3577,Tail
3613,Tail
3770,Tail
3771,Tail
3843,Tail
3858,Tail
3875,Tail
3921,Tail
3935,Tail
3973,Tail
4122,Tail
4161,Tail
4264,Tail
4315,Tail
4332,Tail
4341,Tail
4402,Tail
4458,Tail
4519,Tail
4576,Tail
4593,Tail
4661,Tail
4699,Tail
4706,Tail
4730,Tail
4740,Tail
4781,Tail
4849,Tail
4901,Tail
4952,Tail
5021,Tail
5076,Tail
5202,Tail
5210,Tail
5316,Tail
5328,Tail
5433,Tail
5501,Tail
5623,Tail
5681,Tail
5811,Tail
5827,Tail
5901,Tail
5999,Tail
6041,Tail
6058,Tail
6104,Tail
6145,Tail
6165,Tail
6244,Tail
6375,Tail
6417,Tail
6427,Tail
6469,Tail
6495,Tail
6577,Tail
6616,Tail
6678,Tail
6691,Tail
6882,Tail
6916,Tail
6920,Tail
6935,Tail
6953,Tail
7043,Tail
7060,Tail
7080,Tail
7130,Tail
7160,Tail
7228,Tail
7364,Tail
7473,Tail
7486,Tail
7514,Tail
7563,Tail
7642,Tail
7701,Tail
7732,Tail
7803,Tail
7878,Tail
7880,Tail
7934,Tail
7957,Tail
8013,Tail
8134,Tail
8171,Tail
8226,Tail
8242,Tail
8249,Tail
8294,Tail
8494,Tail
8517,Tail
8578,Tail
8605,Tail
8667,Tail
8781,Tail
8795,Tail
8934,Tail
8945,Tail
9001,Tail
9006,Tail
9017,Tail
9057,Tail
9079,Tail
9131,Tail
9167,Tail
9177,Tail
9178,Tail
9282,Tail
9311,Tail
9312,Tail
9401,Tail
9514,Tail
9639,Tail
9700,Tail
9717,Tail
9807,Tail
9924,Tail
9993,Tail
10010,Tail
10025,Tail
10079,Tail
10085,Tail
10153,Tail
10245,Tail
10351,Tail
10476,Tail
10540,Tail
10550,Tail
10634,Tail
10692,Tail
10714,Tail
10813,Tail
10834,Tail
10933,Tail
11032,Tail
11055,Tail
11058,Tail
11070,Tail
11071,Tail
11116,Tail
11157,Tail
11204,Tail
11490,Tail
11496,Tail
11510,Tail
11515,Tail
11516,Tail
11555,Tail
11558,Tail
11682,Tail
11701,Tail
11708,Tail
11809,Tail
11844,Tail
11847,Tail
11850,Tail
11913,Tail
11964,Tail
11971,Tail
12041,Tail
12061,Tail
12084,Tail
12100,Tail
12138,Tail
12239,Tail
12300,Tail
12471,Tail
12597,Tail
12602,Tail
12656,Tail
12663,Tail
12741,Tail
12789,Tail
12790,Tail
12896,Tail
12900,Tail
12903,Tail
12906,Tail
12928,Tail
13005,Tail
13031,Tail
13135,Tail
13143,Tail
13162,Tail
13183,Tail
13187,Tail
13247,Tail
13305,Tail
13344,Tail
13401,Tail
13466,Tail
13499,Tail
13500,Tail
13526,Tail
13533,Tail
13557,Tail
13582,Tail
13653,Tail
13795,Tail
13811,Tail
13823,Tail
13865,Tail
13875,Tail
13883,Tail
13890,Tail
13903,Tail
13950,Tail
13987,Tail
14027,Tail
14076,Tail
14082,Tail
14102,Tail
14107,Tail
14110,Tail
14193,Tail
14273,Tail
14333,Tail
14337,Tail
14432,Tail
14450,Tail
14484,Tail
14570,Tail
14610,Tail
14655,Tail
14708,Tail
14744,Tail
14806,Tail
14815,Tail
14828,Tail
14870,Tail
15079,Tail
15098,Tail
15117,Tail
15209,Tail
15213,Tail
15224,Tail
15363,Tail
15412,Tail
15488,Tail
15524,Tail
15562,Tail
15568,Tail
15640,Tail
15667,Tail
15742,Tail
15776,Tail
15811,Tail
15889,Tail
15909,Tail
15937,Tail
16035,Tail
16042,Tail
16120,Tail
16133,Tail
16225,Tail
16364,Tail
16392,Tail
16471,Tail
16499,Tail
16509,Tail
16677,Tail
16697,Tail
16743,Tail
16764,Tail
16772,Tail
16918,Tail
16994,Tail
17007,Tail
17062,Tail
17064,Tail
17101,Tail
17122,Tail
17184,Tail
17232,Tail
17239,Tail
17262,Tail
17345,Tail
17374,Tail
17415,Tail
17446,Tail
17604,Tail
17641,Tail
17685,Tail
17715,Tail
17728,Tail
17743,Tail
17761,Tail
17776,Tail
17799,Tail
17891,Tail
17952,Tail
18012,Tail
18016,Tail
18054,Tail
18076,Tail
18118,Tail
18279,Tail
18334,Tail
18362,Tail
18369,Tail
18370,Tail
18413,Tail
18513,Tail
18526,Tail
18752,Tail
18753,Tail
18756,Tail
18757,Tail
18955,Tail
19001,Tail
19076,Tail
19281,Tail
19322,Tail
19414,Tail
19445,Tail
19506,Tail
19542,Tail
19661,Tail
19662,Tail
19682,Tail
19802,Tail
19852,Tail
19868,Tail
19951,Tail
20096,Tail
20097,Tail
20112,Tail
20168,Tail
20190,Tail
20243,Tail
20408,Tail
20448,Tail
20464,Tail
20474,Tail
20510,Tail
20587,Tail
20636,Tail
20678,Tail
20709,Tail
20890,Tail
21029,Tail
21033,Tail
21099,Tail
21161,Tail
21281,Tail
21296,Tail
21303,Tail
21392,Tail
21540,Tail
21555,Tail
21564,Tail
21588,Tail
21636,Tail
21765,Tail
21865,Tail
21875,Tail
21885,Tail
21907,Tail
21922,Tail
22020,Tail
22030,Tail
20,Tail
89,Tail
201,Tail
285,Tail
317,Tail
344,Tail
378,Tail
393,Tail
482,Tail
491,Tail
497,Tail
511,Tail
554,Tail
562,Tail
635,Tail
649,Tail
650,Tail
746,Tail
755,Tail
766,Tail
828,Tail
852,Tail
861,Tail
886,Tail
887,Tail
893,Tail
1059,Tail
1095,Tail
1200,Tail
1258,Tail
1313,Tail
1366,Tail
1515,Tail
1663,Tail
1686,Tail
1866,Tail
1890,Tail
1942,Tail
1972,Tail
1977,Tail
2011,Tail
2036,Tail
2045,Tail
2109,Tail
2227,Tail
2259,Tail
2266,Tail
2342,Tail
2399,Tail
2454,Tail
2484,Tail
2503,Tail
2541,Tail
2691,Tail
2729,Tail
2745,Tail
2840,Tail
2843,Tail
2873,Tail
2887,Tail
2894,Tail
2908,Tail
2956,Tail
2986,Tail
2992,Tail
2997,Tail
2999,Tail
3036,Tail
3055,Tail
3091,Tail
3184,Tail
3245,Tail
3325,Tail
3345,Tail
3353,Tail
3369,Tail
3398,Tail
3418,Tail
3423,Tail
3432,Tail
3526,Tail
3537,Tail
3674,Tail
3703,Tail
3716,Tail
3720,Tail
3724,Tail
3736,Tail
3793,Tail
3965,Tail
4131,Tail
4160,Tail
4187,Tail
4206,Tail
4244,Tail
4307,Tail
4368,Tail
4386,Tail
4429,Tail
4473,Tail
4498,Tail
4500,Tail
4543,Tail
4546,Tail
4550,Tail
4600,Tail
4617,Tail
4700,Tail
4721,Tail
4756,Tail
4802,Tail
4809,Tail
4812,Tail
4843,Tail
4870,Tail
4882,Tail
4896,Tail
4922,Tail
5039,Tail
5113,Tail
5119,Tail
5125,Tail
5159,Tail
5204,Tail
5260,Tail
5321,Tail
5390,Tail
5455,Tail
5507,Tail
5514,Tail
5555,Tail
5589,Tail
5606,Tail
5690,Tail
5772,Tail
5786,Tail
5855,Tail
5876,Tail
5879,Tail
5888,Tail
5943,Tail
6195,Tail
6202,Tail
6205,Tail
6260,Tail
6275,Tail
6294,Tail
6295,Tail
6356,Tail
6363,Tail
6410,Tail
6418,Tail
6445,Tail
6456,Tail
6467,Tail
6477,Tail
6482,Tail
6535,Tail
6675,Tail
6704,Tail
6721,Tail
6733,Tail
6810,Tail
6826,Tail
6840,Tail
6841,Tail
6870,Tail
6938,Tail
6945,Tail
6989,Tail
6996,Tail
7035,Tail
7055,Tail
7057,Tail
7077,Tail
7086,Tail
7125,Tail
7128,Tail
7263,Tail
7279,Tail
7370,Tail
7491,Tail
7518,Tail
7561,Tail
7566,Tail
7569,Tail
7591,Tail
7628,Tail
7661,Tail
7663,Tail
7673,Tail
7683,Tail
7765,Tail
7781,Tail
7859,Tail
7918,Tail
7932,Tail
7944,Tail
8010,Tail
8036,Tail
8065,Tail
8102,Tail
8145,Tail
8250,Tail
8300,Tail
8323,Tail
8332,Tail
8333,Tail
8383,Tail
8423,Tail
8528,Tail
8539,Tail
8627,Tail
8647,Tail
8726,Tail
8771,Tail
8792,Tail
8831,Tail
8847,Tail
8990,Tail
9043,Tail
9064,Tail
9118,Tail
9248,Tail
9294,Tail
9343,Tail
9532,Tail
9537,Tail
9543,Tail
9546,Tail
9549,Tail
9581,Tail
9582,Tail
9689,Tail
9712,Tail
9766,Tail
9782,Tail
9789,Tail
9795,Tail
9796,Tail
9876,Tail
9921,Tail
9922,Tail
9944,Tail
9994,Tail
10054,Tail
10250,Tail
10270,Tail
10373,Tail
10423,Tail
10465,Tail
10520,Tail
10534,Tail
10559,Tail
10660,Tail
10676,Tail
10682,Tail
10684,Tail
10689,Tail
10707,Tail
10750,Tail
10791,Tail
10812,Tail
10819,Tail
10899,Tail
10909,Tail
10978,Tail
10981,Tail
10985,Tail
10989,Tail
11012,Tail
11068,Tail
11082,Tail
11085,Tail
11122,Tail
11167,Tail
11170,Tail
11175,Tail
11206,Tail
11239,Tail
11372,Tail
11374,Tail
11421,Tail
11448,Tail
11536,Tail
11542,Tail
11545,Tail
11672,Tail
11674,Tail
11689,Tail
11814,Tail
11835,Tail
11935,Tail
11985,Tail
12030,Tail
12072,Tail
12088,Tail
12242,Tail
12386,Tail
12409,Tail
12412,Tail
12425,Tail
12542,Tail
12550,Tail
12654,Tail
12668,Tail
12700,Tail
12703,Tail
12714,Tail
12733,Tail
12737,Tail
12739,Tail
12802,Tail
12805,Tail
12968,Tail
12998,Tail
13000,Tail
13105,Tail
13150,Tail
13239,Tail
13279,Tail
13428,Tail
13511,Tail
13577,Tail
13612,Tail
13635,Tail
13661,Tail
13707,Tail
13738,Tail
13770,Tail
13898,Tail
13915,Tail
13942,Tail
13945,Tail
13959,Tail
14036,Tail
14038,Tail
14040,Tail
14078,Tail
14109,Tail
14141,Tail
14189,Tail
14246,Tail
14291,Tail
14307,Tail
14354,Tail
14387,Tail
14401,Tail
14414,Tail
14526,Tail
14741,Tail
14747,Tail
14775,Tail
14812,Tail
14857,Tail
14869,Tail
14920,Tail
14930,Tail
14965,Tail
14970,Tail
15073,Tail
15105,Tail
15121,Tail
15134,Tail
15195,Tail
15250,Tail
15301,Tail
15347,Tail
15364,Tail
15372,Tail
15405,Tail
15438,Tail
15457,Tail
15486,Tail
15507,Tail
15522,Tail
15526,Tail
15557,Tail
15589,Tail
15680,Tail
15686,Tail
15694,Tail
15698,Tail
15793,Tail
15828,Tail
15849,Tail
15942,Tail
15980,Tail
16022,Tail
16048,Tail
16074,Tail
16094,Tail
16100,Tail
16180,Tail
16280,Tail
16285,Tail
16291,Tail
16298,Tail
16330,Tail
16370,Tail
16377,Tail
16381,Tail
16386,Tail
16409,Tail
16443,Tail
16504,Tail
16523,Tail
16590,Tail
16598,Tail
16733,Tail
16811,Tail
16830,Tail
16838,Tail
16839,Tail
16878,Tail
16883,Tail
16915,Tail
16929,Tail
16934,Tail
16990,Tail
17009,Tail
17011,Tail
17054,Tail
17066,Tail
17086,Tail
17106,Tail
17109,Tail
17125,Tail
17163,Tail
17200,Tail
17204,Tail
17218,Tail
17227,Tail
17293,Tail
17327,Tail
17348,Tail
17391,Tail
17407,Tail
17417,Tail
17430,Tail
17485,Tail
17587,Tail
17595,Tail
17649,Tail
17696,Tail
17747,Tail
17791,Tail
17802,Tail
17832,Tail
17846,Tail
17889,Tail
17926,Tail
18022,Tail
18102,Tail
18173,Tail
18187,Tail
18242,Tail
18257,Tail
18271,Tail
18276,Tail
18351,Tail
18371,Tail
18435,Tail
18461,Tail
18483,Tail
18496,Tail
18522,Tail
18531,Tail
18533,Tail
18566,Tail
18573,Tail
18616,Tail
18650,Tail
18660,Tail
18736,Tail
18745,Tail
18789,Tail
18876,Tail
18882,Tail
18908,Tail
18959,Tail
18960,Tail
18968,Tail
19038,Tail
19043,Tail
19088,Tail
19195,Tail
19203,Tail
19223,Tail
19339,Tail
19417,Tail
19429,Tail
19473,Tail
19478,Tail
19556,Tail
19586,Tail
19609,Tail
19674,Tail
19675,Tail
19753,Tail
19814,Tail
19822,Tail
19840,Tail
19869,Tail
19898,Tail
19971,Tail
19984,Tail
20021,Tail
20059,Tail
20069,Tail
20092,Tail
20193,Tail
20202,Tail
20232,Tail
20242,Tail
20292,Tail
20356,Tail
20399,Tail
20429,Tail
20472,Tail
20488,Tail
20564,Tail
20641,Tail
20663,Tail
20725,Tail
20726,Tail
20754,Tail
20763,Tail
20784,Tail
20795,Tail
20835,Tail
20853,Tail
20917,Tail
20942,Tail
20945,Tail
20951,Tail
21041,Tail
21068,Tail
21073,Tail
21079,Tail
21172,Tail
21191,Tail
21210,Tail
21239,Tail
21249,Tail
21267,Tail
21318,Tail
21393,Tail
21395,Tail
21493,Tail
21531,Tail
21778,Tail
21791,Tail
21815,Tail
21826,Tail
21827,Tail
21831,Tail
21850,Tail
21862,Tail
22009,Tail
16,Tail
99,Tail
112,Tail
123,Tail
125,Tail
127,Tail
136,Tail
213,Tail
216,Tail
323,Tail
341,Tail
400,Tail
401,Tail
409,Tail
424,Tail
431,Tail
438,Tail
461,Tail
569,Tail
600,Tail
626,Tail
638,Tail
668,Tail
675,Tail
830,Tail
901,Tail
910,Tail
987,Tail
989,Tail
997,Tail
1023,Tail
1089,Tail
1124,Tail
1136,Tail
1151,Tail
1165,Tail
1199,Tail
1202,Tail
1207,Tail
1211,Tail
1253,Tail
1263,Tail
1299,Tail
1302,Tail
1309,Tail
1346,Tail
1375,Tail
1425,Tail
1440,Tail
1443,Tail
1530,Tail
1545,Tail
1584,Tail
1592,Tail
1597,Tail
1604,Tail
1607,Tail
1625,Tail
1691,Tail
1705,Tail
1736,Tail
1743,Tail
1746,Tail
1854,Tail
1876,Tail
1952,Tail
2060,Tail
2124,Tail
2184,Tail
2236,Tail
2253,Tail
2277,Tail
2316,Tail
2361,Tail
2470,Tail
2475,Tail
2477,Tail
2559,Tail
2565,Tail
2587,Tail
2646,Tail
2673,Tail
2740,Tail
2783,Tail
2802,Tail
2849,Tail
2907,Tail
2923,Tail
2988,Tail
2990,Tail
2994,Tail
3011,Tail
3078,Tail
3104,Tail
3168,Tail
3181,Tail
3229,Tail
3332,Tail
3366,Tail
3444,Tail
3622,Tail
3685,Tail
3686,Tail
3710,Tail
3732,Tail
3806,Tail
3808,Tail
3813,Tail
3838,Tail
3991,Tail
4145,Tail
4317,Tail
4339,Tail
4343,Tail
4344,Tail
4373,Tail
4416,Tail
4432,Tail
4471,Tail
4506,Tail
4586,Tail
4591,Tail
4651,Tail
4655,Tail
4656,Tail
4657,Tail
4663,Tail
4768,Tail
4805,Tail
4806,Tail
4820,Tail
4868,Tail
4872,Tail
4876,Tail
4884,Tail
4885,Tail
4904,Tail
4909,Tail
4962,Tail
4996,Tail
5020,Tail
5025,Tail
5132,Tail
5187,Tail
5213,Tail
5294,Tail
5313,Tail
5314,Tail
5324,Tail
5426,Tail
5620,Tail
5657,Tail
5658,Tail
5662,Tail
5680,Tail
5687,Tail
5810,Tail
5914,Tail
5922,Tail
5975,Tail
5987,Tail
5998,Tail
6008,Tail
6149,Tail
6185,Tail
6252,Tail
6299,Tail
6301,Tail
6369,Tail
6378,Tail
6416,Tail
6471,Tail
6492,Tail
6512,Tail
6538,Tail
6573,Tail
6609,Tail
6617,Tail
6623,Tail
6654,Tail
6664,Tail
6680,Tail
6681,Tail
6685,Tail
6731,Tail
6815,Tail
6843,Tail
6851,Tail
6854,Tail
6872,Tail
6895,Tail
6921,Tail
6933,Tail
6939,Tail
7038,Tail
7061,Tail
7095,Tail
7169,Tail
7230,Tail
7299,Tail
7337,Tail
7367,Tail
7383,Tail
7436,Tail
7520,Tail
7544,Tail
7573,Tail
7606,Tail
7634,Tail
7671,Tail
7676,Tail
7764,Tail
7770,Tail
7805,Tail
7838,Tail
7862,Tail
7923,Tail
8032,Tail
8115,Tail
8119,Tail
8167,Tail
8241,Tail
8245,Tail
8289,Tail
8293,Tail
8302,Tail
8316,Tail
8353,Tail
8471,Tail
8561,Tail
8573,Tail
8609,Tail
8696,Tail
8775,Tail
8797,Tail
8803,Tail
8827,Tail
8849,Tail
8873,Tail
8982,Tail
9060,Tail
9091,Tail
9109,Tail
9153,Tail
9158,Tail
9193,Tail
9202,Tail
9222,Tail
9247,Tail
9249,Tail
9256,Tail
9333,Tail
9372,Tail
9395,Tail
9405,Tail
9432,Tail
9479,Tail
9521,Tail
9569,Tail
9571,Tail
9591,Tail
9673,Tail
9684,Tail
9757,Tail
9783,Tail
9812,Tail
9813,Tail
9820,Tail
9855,Tail
9888,Tail
9937,Tail
10069,Tail
10070,Tail
10179,Tail
10192,Tail
10212,Tail
10294,Tail
10332,Tail
10364,Tail
10383,Tail
10408,Tail
10424,Tail
10452,Tail
10486,Tail
10531,Tail
10539,Tail
10591,Tail
10604,Tail
10680,Tail
10799,Tail
10842,Tail
10903,Tail
10958,Tail
11020,Tail
11092,Tail
11128,Tail
11153,Tail
11174,Tail
11192,Tail
11217,Tail
11253,Tail
11298,Tail
11334,Tail
11338,Tail
11393,Tail
11402,Tail
11411,Tail
11413,Tail
11444,Tail
11453,Tail
11499,Tail
11521,Tail
11635,Tail
11698,Tail
11737,Tail
11808,Tail
11887,Tail
11905,Tail
12005,Tail
12188,Tail
12246,Tail
12286,Tail
12303,Tail
12323,Tail
12339,Tail
12424,Tail
12427,Tail
12477,Tail
12483,Tail
12503,Tail
12519,Tail
12538,Tail
12569,Tail
12596,Tail
12624,Tail
12677,Tail
12830,Tail
12861,Tail
12947,Tail
12952,Tail
13004,Tail
13028,Tail
13049,Tail
13070,Tail
13113,Tail
13176,Tail
13267,Tail
13293,Tail
13342,Tail
13343,Tail
13352,Tail
13384,Tail
13396,Tail
13414,Tail
13464,Tail
13505,Tail
13509,Tail
13525,Tail
13585,Tail
13630,Tail
13671,Tail
13676,Tail
13748,Tail
13794,Tail
13862,Tail
13868,Tail
13920,Tail
13949,Tail
13954,Tail
13973,Tail
14013,Tail
14049,Tail
14073,Tail
14074,Tail
14140,Tail
14251,Tail
14258,Tail
14271,Tail
14292,Tail
14305,Tail
14374,Tail
14439,Tail
14492,Tail
14530,Tail
14538,Tail
14911,Tail
14962,Tail
15051,Tail
15056,Tail
15062,Tail
15080,Tail
15081,Tail
15119,Tail
15149,Tail
15164,Tail
15226,Tail
15241,Tail
15290,Tail
15450,Tail
15469,Tail
15503,Tail
15512,Tail
15548,Tail
15549,Tail
15588,Tail
15592,Tail
15684,Tail
15712,Tail
15732,Tail
15781,Tail
15819,Tail
15867,Tail
15877,Tail
15894,Tail
15943,Tail
16082,Tail
16085,Tail
16156,Tail
16172,Tail
16317,Tail
16383,Tail
16425,Tail
16453,Tail
16490,Tail
16566,Tail
16568,Tail
16646,Tail
16663,Tail
16694,Tail
16777,Tail
16828,Tail
16845,Tail
16848,Tail
16857,Tail
16875,Tail
17039,Tail
17052,Tail
17082,Tail
17111,Tail
17231,Tail
17243,Tail
17248,Tail
17281,Tail
17302,Tail
17303,Tail
17367,Tail
17379,Tail
17439,Tail
17491,Tail
17556,Tail
17609,Tail
17628,Tail
17706,Tail
17709,Tail
17722,Tail
17800,Tail
17812,Tail
17913,Tail
17959,Tail
18002,Tail
18086,Tail
18198,Tail
18248,Tail
18252,Tail
18264,Tail
18269,Tail
18304,Tail
18319,Tail
18356,Tail
18381,Tail
18393,Tail
18398,Tail
18452,Tail
18525,Tail
18528,Tail
18546,Tail
18553,Tail
18656,Tail
18713,Tail
18719,Tail
18747,Tail
18845,Tail
18870,Tail
18977,Tail
19008,Tail
19042,Tail
19152,Tail
19167,Tail
19192,Tail
19218,Tail
19295,Tail
19381,Tail
19438,Tail
19517,Tail
19531,Tail
19579,Tail
19621,Tail
19634,Tail
19636,Tail
19638,Tail
19679,Tail
19687,Tail
19729,Tail
19743,Tail
19750,Tail
19793,Tail
19810,Tail
19817,Tail
19843,Tail
19890,Tail
19953,Tail
19998,Tail
20016,Tail
20036,Tail
20128,Tail
20129,Tail
20215,Tail
20308,Tail
20312,Tail
20319,Tail
20383,Tail
20428,Tail
20444,Tail
20559,Tail
20617,Tail
20649,Tail
20710,Tail
20807,Tail
20846,Tail
20866,Tail
20878,Tail
20936,Tail
20950,Tail
21100,Tail
21118,Tail
21166,Tail
21208,Tail
21245,Tail
21283,Tail
21290,Tail
21331,Tail
21337,Tail
21340,Tail
21448,Tail
21468,Tail
21589,Tail
21617,Tail
21658,Tail
21690,Tail
21723,Tail
21742,Tail
21747,Tail
21749,Tail
21756,Tail
21785,Tail
21832,Tail
21846,Tail
21859,Tail
21860,Tail
21866,Tail
21902,Tail
21949,Tail
22027,Tail
31,Tail
53,Tail
71,Tail
184,Tail
203,Tail
227,Tail
235,Tail
250,Tail
316,Tail
328,Tail
382,Tail
390,Tail
473,Tail
490,Tail
514,Tail
580,Tail
585,Tail
586,Tail
591,Tail
654,Tail
696,Tail
737,Tail
767,Tail
784,Tail
825,Tail
889,Tail
900,Tail
942,Tail
947,Tail
958,Tail
972,Tail
1019,Tail
1022,Tail
1034,Tail
1047,Tail
1082,Tail
1096,Tail
1130,Tail
1169,Tail
1244,Tail
1323,Tail
1345,Tail
1357,Tail
1390,Tail
1438,Tail
1447,Tail
1540,Tail
1542,Tail
1590,Tail
1724,Tail
1733,Tail
1778,Tail
1888,Tail
1914,Tail
1921,Tail
1946,Tail
1978,Tail
1979,Tail
2020,Tail
2023,Tail
2027,Tail
2034,Tail
2052,Tail
2072,Tail
2125,Tail
2135,Tail
2150,Tail
2160,Tail
2163,Tail
2165,Tail
2166,Tail
2177,Tail
2193,Tail
2320,Tail
2337,Tail
2433,Tail
2521,Tail
2568,Tail
2616,Tail
2684,Tail
2708,Tail
2713,Tail
2728,Tail
2765,Tail
2786,Tail
2812,Tail
2824,Tail
2878,Tail
2896,Tail
2926,Tail
2943,Tail
2957,Tail
2964,Tail
2979,Tail
3043,Tail
3068,Tail
3101,Tail
3118,Tail
3151,Tail
3159,Tail
3179,Tail
3253,Tail
3279,Tail
3281,Tail
3298,Tail
3302,Tail
3371,Tail
3415,Tail
3428,Tail
3464,Tail
3478,Tail
3636,Tail
3681,Tail
3704,Tail
3728,Tail
3804,Tail
3817,Tail
3846,Tail
3876,Tail
3881,Tail
3887,Tail
3902,Tail
4034,Tail
4059,Tail
4094,Tail
4146,Tail
4176,Tail
4179,Tail
4180,Tail
4183,Tail
4190,Tail
4191,Tail
4192,Tail
4241,Tail
4258,Tail
4262,Tail
4304,Tail
4383,Tail
4554,Tail
4562,Tail
4565,Tail
4582,Tail
4754,Tail
4839,Tail
4856,Tail
4863,Tail
4893,Tail
4960,Tail
4961,Tail
4966,Tail
4975,Tail
5001,Tail
5052,Tail
5054,Tail
5094,Tail
5118,Tail
5130,Tail
5167,Tail
5239,Tail
5270,Tail
5275,Tail
5278,Tail
5285,Tail
5393,Tail
5415,Tail
5429,Tail
5443,Tail
5447,Tail
5462,Tail
5470,Tail
5537,Tail
5561,Tail
5600,Tail
5614,Tail
5651,Tail
5770,Tail
5789,Tail
5828,Tail
5870,Tail
5877,Tail
5918,Tail
5955,Tail
6038,Tail
6049,Tail
6055,Tail
6197,Tail
6224,Tail
6271,Tail
6353,Tail
6361,Tail
6364,Tail
6365,Tail
6384,Tail
6393,Tail
6464,Tail
6465,Tail
6474,Tail
6526,Tail
6529,Tail
6530,Tail
6604,Tail
6611,Tail
6711,Tail
6716,Tail
6743,Tail
6772,Tail
6883,Tail
6896,Tail
6919,Tail
6923,Tail
7002,Tail
7037,Tail
7056,Tail
7106,Tail
7109,Tail
7114,Tail
7129,Tail
7155,Tail
7182,Tail
7232,Tail
7247,Tail
7259,Tail
7309,Tail
7361,Tail
7365,Tail
7388,Tail
7410,Tail
7437,Tail
7502,Tail
7540,Tail
7588,Tail
7589,Tail
7724,Tail
7760,Tail
7865,Tail
7922,Tail
7943,Tail
7996,Tail
7999,Tail
8020,Tail
8022,Tail
8026,Tail
8117,Tail
8163,Tail
8166,Tail
8169,Tail
8174,Tail
8194,Tail
8342,Tail
8445,Tail
8448,Tail
8516,Tail
8554,Tail
8601,Tail
8619,Tail
8650,Tail
8666,Tail
8711,Tail
8712,Tail
8737,Tail
8796,Tail
8801,Tail
8804,Tail
8812,Tail
8853,Tail
8875,Tail
8910,Tail
8956,Tail
9004,Tail
9114,Tail
9116,Tail
9117,Tail
9129,Tail
9198,Tail
9292,Tail
9357,Tail
9375,Tail
9396,Tail
9503,Tail
9523,Tail
9538,Tail
9554,Tail
9557,Tail
9662,Tail
9686,Tail
9727,Tail
9865,Tail
9896,Tail
9981,Tail
10075,Tail
10111,Tail
10162,Tail
10187,Tail
10288,Tail
10289,Tail
10305,Tail
10411,Tail
10434,Tail
10463,Tail
10464,Tail
10494,Tail
10557,Tail
10575,Tail
10605,Tail
10612,Tail
10666,Tail
10681,Tail
10742,Tail
10746,Tail
10805,Tail
10810,Tail
10853,Tail
10900,Tail
10922,Tail
10929,Tail
10932,Tail
10988,Tail
11034,Tail
11060,Tail
11109,Tail
11112,Tail
11115,Tail
11180,Tail
11182,Tail
11318,Tail
11319,Tail
11355,Tail
11401,Tail
11436,Tail
11454,Tail
11467,Tail
11485,Tail
11527,Tail
11570,Tail
11578,Tail
11675,Tail
11692,Tail
11696,Tail
11710,Tail
11731,Tail
11755,Tail
11758,Tail
11816,Tail
11839,Tail
11854,Tail
11934,Tail
11956,Tail
12089,Tail
12122,Tail
12131,Tail
12132,Tail
12147,Tail
12225,Tail
12243,Tail
12251,Tail
12253,Tail
12258,Tail
12269,Tail
12271,Tail
12272,Tail
12284,Tail
12297,Tail
12356,Tail
12391,Tail
12393,Tail
12478,Tail
12664,Tail
12723,Tail
12742,Tail
12791,Tail
12956,Tail
13010,Tail
13055,Tail
13069,Tail
13182,Tail
13235,Tail
13240,Tail
13304,Tail
13360,Tail
13493,Tail
13497,Tail
13556,Tail
13558,Tail
13609,Tail
13619,Tail
13645,Tail
13692,Tail
13827,Tail
13853,Tail
13871,Tail
14135,Tail
14201,Tail
14225,Tail
14244,Tail
14308,Tail
14335,Tail
14378,Tail
14383,Tail
14409,Tail
14575,Tail
14597,Tail
14652,Tail
14691,Tail
14840,Tail
14850,Tail
14871,Tail
14951,Tail
14963,Tail
14997,Tail
15001,Tail
15052,Tail
15053,Tail
15090,Tail
15107,Tail
15187,Tail
15239,Tail
15286,Tail
15300,Tail
15322,Tail
15365,Tail
15443,Tail
15458,Tail
15508,Tail
15520,Tail
15569,Tail
15576,Tail
15578,Tail
15580,Tail
15613,Tail
15723,Tail
15763,Tail
15812,Tail
15933,Tail
15963,Tail
15999,Tail
16005,Tail
16017,Tail
16031,Tail
16092,Tail
16108,Tail
16113,Tail
16134,Tail
16183,Tail
16193,Tail
16209,Tail
16282,Tail
16303,Tail
16338,Tail
16374,Tail
16422,Tail
16470,Tail
16502,Tail
16508,Tail
16570,Tail
16599,Tail
16602,Tail
16659,Tail
16676,Tail
16720,Tail
16760,Tail
16762,Tail
16769,Tail
16783,Tail
16816,Tail
16843,Tail
16884,Tail
16902,Tail
16906,Tail
16916,Tail
16931,Tail
16973,Tail
16996,Tail
17012,Tail
17065,Tail
17099,Tail
17130,Tail
17142,Tail
17185,Tail
17198,Tail
17203,Tail
17237,Tail
17275,Tail
17321,Tail
17356,Tail
17369,Tail
17377,Tail
17386,Tail
17411,Tail
17422,Tail
17460,Tail
17494,Tail
17616,Tail
17644,Tail
17646,Tail
17664,Tail
17719,Tail
17741,Tail
17746,Tail
17751,Tail
17775,Tail
17784,Tail
17790,Tail
17798,Tail
17870,Tail
17874,Tail
17890,Tail
17912,Tail
17942,Tail
18000,Tail
18058,Tail
18088,Tail
18116,Tail
18165,Tail
18301,Tail
18302,Tail
18374,Tail
18389,Tail
18428,Tail
18643,Tail
18651,Tail
18652,Tail
18684,Tail
18696,Tail
18768,Tail
18783,Tail
18843,Tail
18872,Tail
18889,Tail
18898,Tail
18924,Tail
18927,Tail
18994,Tail
19004,Tail
19049,Tail
19064,Tail
19105,Tail
19205,Tail
19206,Tail
19238,Tail
19321,Tail
19374,Tail
19379,Tail
19382,Tail
19396,Tail
19397,Tail
19433,Tail
19492,Tail
19561,Tail
19660,Tail
19728,Tail
19752,Tail
19809,Tail
19857,Tail
19882,Tail
19907,Tail
19944,Tail
20077,Tail
20169,Tail
20188,Tail
20198,Tail
20290,Tail
20295,Tail
20369,Tail
20386,Tail
20421,Tail
20459,Tail
20513,Tail
20542,Tail
20610,Tail
20639,Tail
20645,Tail
20672,Tail
20773,Tail
20804,Tail
20815,Tail
20871,Tail
20882,Tail
20943,Tail
20948,Tail
20949,Tail
20961,Tail
21004,Tail
21006,Tail
21009,Tail
21032,Tail
21064,Tail
21069,Tail
21080,Tail
21108,Tail
21200,Tail
21234,Tail
21259,Tail
21273,Tail
21276,Tail
21282,Tail
21356,Tail
21371,Tail
21462,Tail
21503,Tail
21504,Tail
21542,Tail
21592,Tail
21597,Tail
21668,Tail
21722,Tail
21768,Tail
21783,Tail
21822,Tail
21968,Tail
22026,Tail
41,Tail
48,Tail
57,Tail
140,Tail
228,Tail
233,Tail
284,Tail
360,Tail
402,Tail
465,Tail
505,Tail
553,Tail
556,Tail
574,Tail
577,Tail
583,Tail
664,Tail
726,Tail
770,Tail
866,Tail
872,Tail
899,Tail
923,Tail
935,Tail
974,Tail
981,Tail
986,Tail
1005,Tail
1048,Tail
1063,Tail
1080,Tail
1112,Tail
1157,Tail
1160,Tail
1235,Tail
1236,Tail
1260,Tail
1293,Tail
1308,Tail
1311,Tail
1343,Tail
1417,Tail
1420,Tail
1446,Tail
1454,Tail
1459,Tail
1492,Tail
1509,Tail
1523,Tail
1528,Tail
1538,Tail
1550,Tail
1589,Tail
1679,Tail
1683,Tail
1695,Tail
1698,Tail
1747,Tail
1751,Tail
1803,Tail
1813,Tail
1815,Tail
1822,Tail
1823,Tail
1825,Tail
1953,Tail
2079,Tail
2130,Tail
2161,Tail
2200,Tail
2221,Tail
2315,Tail
2415,Tail
2420,Tail
2514,Tail
2523,Tail
2530,Tail
2549,Tail
2557,Tail
2651,Tail
2678,Tail
2679,Tail
2680,Tail
2689,Tail
2692,Tail
2727,Tail
2763,Tail
2863,Tail
2899,Tail
2910,Tail
2925,Tail
2941,Tail
2962,Tail
3051,Tail
3069,Tail
3073,Tail
3165,Tail
3167,Tail
3188,Tail
3211,Tail
3327,Tail
3342,Tail
3381,Tail
3414,Tail
3422,Tail
3504,Tail
3557,Tail
3562,Tail
3594,Tail
3620,Tail
3639,Tail
3653,Tail
3679,Tail
3712,Tail
3717,Tail
3792,Tail
3828,Tail
3862,Tail
3937,Tail
3982,Tail
4027,Tail
4041,Tail
4056,Tail
4102,Tail
4147,Tail
4154,Tail
4171,Tail
4263,Tail
4268,Tail
4313,Tail
4379,Tail
4387,Tail
4420,Tail
4441,Tail
4510,Tail
4566,Tail
4570,Tail
4597,Tail
4598,Tail
4599,Tail
4652,Tail
4669,Tail
4672,Tail
4749,Tail
4753,Tail
4763,Tail
4825,Tail
4859,Tail
5122,Tail
5138,Tail
5160,Tail
5170,Tail
5176,Tail
5190,Tail
5238,Tail
5248,Tail
5254,Tail
5348,Tail
5381,Tail
5391,Tail
5398,Tail
5404,Tail
5448,Tail
5528,Tail
5536,Tail
5558,Tail
5586,Tail
5593,Tail
5661,Tail
5678,Tail
5707,Tail
5728,Tail
5733,Tail
5768,Tail
5881,Tail
5885,Tail
5891,Tail
5896,Tail
5946,Tail
5977,Tail
6035,Tail
6045,Tail
6087,Tail
6150,Tail
6172,Tail
6233,Tail
6255,Tail
6263,Tail
6326,Tail
6360,Tail
6373,Tail
6402,Tail
6421,Tail
6491,Tail
6560,Tail
6607,Tail
6652,Tail
6665,Tail
6667,Tail
6693,Tail
6738,Tail
6818,Tail
6855,Tail
6871,Tail
6888,Tail
6948,Tail
6951,Tail
6954,Tail
7010,Tail
7018,Tail
7031,Tail
7074,Tail
7090,Tail
7098,Tail
7120,Tail
7140,Tail
7145,Tail
7146,Tail
7156,Tail
7163,Tail
7166,Tail
7175,Tail
7221,Tail
7254,Tail
7294,Tail
7315,Tail
7316,Tail
7343,Tail
7352,Tail
7355,Tail
7378,Tail
7385,Tail
7458,Tail
7613,Tail
7638,Tail
7640,Tail
7708,Tail
7712,Tail
7713,Tail
7767,Tail
7811,Tail
7852,Tail
7883,Tail
7897,Tail
7936,Tail
7947,Tail
7971,Tail
8007,Tail
8205,Tail
8214,Tail
8240,Tail
8361,Tail
8392,Tail
8393,Tail
8398,Tail
8422,Tail
8443,Tail
8455,Tail
8534,Tail
8552,Tail
8570,Tail
8633,Tail
8685,Tail
8703,Tail
8708,Tail
8859,Tail
8877,Tail
8884,Tail
8960,Tail
8965,Tail
9014,Tail
9026,Tail
9029,Tail
9032,Tail
9059,Tail
9087,Tail
9106,Tail
9242,Tail
9269,Tail
9321,Tail
9336,Tail
9378,Tail
9385,Tail
9389,Tail
9410,Tail
9411,Tail
9451,Tail
9504,Tail
9522,Tail
9544,Tail
9559,Tail
9568,Tail
9615,Tail
9621,Tail
9680,Tail
9697,Tail
9702,Tail
9799,Tail
9819,Tail
9825,Tail
9839,Tail
9846,Tail
9874,Tail
9897,Tail
9938,Tail
9959,Tail
9984,Tail
10060,Tail
10127,Tail
10190,Tail
10276,Tail
10279,Tail
10297,Tail
10301,Tail
10303,Tail
10311,Tail
10365,Tail
10367,Tail
10384,Tail
10385,Tail
10403,Tail
10414,Tail
10420,Tail
10426,Tail
10441,Tail
10475,Tail
10488,Tail
10495,Tail
10512,Tail
10525,Tail
10533,Tail
10582,Tail
10657,Tail
10693,Tail
10694,Tail
10697,Tail
10767,Tail
10768,Tail
10787,Tail
10790,Tail
10804,Tail
10809,Tail
10817,Tail
10823,Tail
10908,Tail
10960,Tail
10994,Tail
11094,Tail
11111,Tail
11219,Tail
11267,Tail
11273,Tail
11279,Tail
11335,Tail
11359,Tail
11427,Tail
11538,Tail
11653,Tail
11658,Tail
11678,Tail
11684,Tail
11691,Tail
11700,Tail
11729,Tail
11740,Tail
11746,Tail
11760,Tail
11770,Tail
11776,Tail
11817,Tail
11819,Tail
11820,Tail
11916,Tail
11966,Tail
11998,Tail
12009,Tail
12029,Tail
12042,Tail
12146,Tail
12149,Tail
12152,Tail
12241,Tail
12254,Tail
12256,Tail
12287,Tail
12304,Tail
12325,Tail
12468,Tail
12506,Tail
12516,Tail
12525,Tail
12593,Tail
12670,Tail
12801,Tail
12804,Tail
12806,Tail
12858,Tail
12913,Tail
12993,Tail
12997,Tail
13021,Tail
13033,Tail
13045,Tail
13096,Tail
13134,Tail
13142,Tail
13161,Tail
13166,Tail
13170,Tail
13194,Tail
13254,Tail
13256,Tail
13271,Tail
13306,Tail
13357,Tail
13420,Tail
13421,Tail
13423,Tail
13456,Tail
13471,Tail
13490,Tail
13515,Tail
13534,Tail
13537,Tail
13564,Tail
13565,Tail
13580,Tail
13831,Tail
13869,Tail
13941,Tail
14041,Tail
14096,Tail
14105,Tail
14154,Tail
14234,Tail
14316,Tail
14343,Tail
14362,Tail
14365,Tail
14542,Tail
14595,Tail
14624,Tail
14730,Tail
14746,Tail
14867,Tail
14876,Tail
14977,Tail
14992,Tail
15038,Tail
15059,Tail
15083,Tail
15086,Tail
15169,Tail
15254,Tail
15276,Tail
15278,Tail
15297,Tail
15321,Tail
15390,Tail
15434,Tail
15441,Tail
15470,Tail
15519,Tail
15604,Tail
15618,Tail
15643,Tail
15679,Tail
15706,Tail
15758,Tail
15766,Tail
15822,Tail
15868,Tail
15947,Tail
15966,Tail
15990,Tail
16083,Tail
16122,Tail
16137,Tail
16147,Tail
16252,Tail
16264,Tail
16356,Tail
16417,Tail
16426,Tail
16433,Tail
16462,Tail
16496,Tail
16497,Tail
16515,Tail
16555,Tail
16642,Tail
16675,Tail
16709,Tail
16741,Tail
16745,Tail
16754,Tail
16805,Tail
16812,Tail
16919,Tail
16925,Tail
16928,Tail
16932,Tail
16983,Tail
16988,Tail
17023,Tail
17037,Tail
17070,Tail
17120,Tail
17189,Tail
17312,Tail
17323,Tail
17324,Tail
17331,Tail
17495,Tail
17505,Tail
17507,Tail
17598,Tail
17632,Tail
17653,Tail
17675,Tail
17755,Tail
17786,Tail
17838,Tail
17862,Tail
17867,Tail
17872,Tail
17880,Tail
17894,Tail
17908,Tail
17933,Tail
17934,Tail
17953,Tail
17972,Tail
18039,Tail
18051,Tail
18078,Tail
18089,Tail
18094,Tail
18110,Tail
18179,Tail
18277,Tail
18291,Tail
18297,Tail
18318,Tail
18324,Tail
18332,Tail
18372,Tail
18382,Tail
18387,Tail
18388,Tail
18495,Tail
18570,Tail
18591,Tail
18619,Tail
18631,Tail
18641,Tail
18653,Tail
18657,Tail
18665,Tail
18737,Tail
18749,Tail
18790,Tail
18856,Tail
18873,Tail
18899,Tail
18925,Tail
18950,Tail
19024,Tail
19137,Tail
19148,Tail
19180,Tail
19197,Tail
19239,Tail
19240,Tail
19274,Tail
19328,Tail
19474,Tail
19541,Tail
19568,Tail
19580,Tail
19624,Tail
19684,Tail
19690,Tail
19704,Tail
19739,Tail
19780,Tail
19787,Tail
19820,Tail
19915,Tail
19922,Tail
19924,Tail
19946,Tail
19963,Tail
19972,Tail
19985,Tail
19999,Tail
20093,Tail
20154,Tail
20176,Tail
20178,Tail
20210,Tail
20222,Tail
20285,Tail
20317,Tail
20334,Tail
20341,Tail
20418,Tail
20424,Tail
20545,Tail
20555,Tail
20580,Tail
20662,Tail
20674,Tail
20692,Tail
20724,Tail
20829,Tail
20832,Tail
20964,Tail
21146,Tail
21170,Tail
21185,Tail
21194,Tail
21237,Tail
21309,Tail
21459,Tail
21460,Tail
21627,Tail
21685,Tail
21771,Tail
21925,Tail
21975,Tail
21999,Tail
22002,Tail
22029,Tail
21,Tail
37,Tail
62,Tail
82,Tail
137,Tail
142,Tail
148,Tail
164,Tail
207,Tail
249,Tail
286,Tail
301,Tail
302,Tail
305,Tail
332,Tail
348,Tail
357,Tail
372,Tail
432,Tail
446,Tail
498,Tail
499,Tail
502,Tail
565,Tail
566,Tail
612,Tail
616,Tail
618,Tail
625,Tail
634,Tail
742,Tail
765,Tail
781,Tail
803,Tail
841,Tail
950,Tail
982,Tail
1003,Tail
1035,Tail
1049,Tail
1079,Tail
1115,Tail
1121,Tail
1156,Tail
1222,Tail
1262,Tail
1291,Tail
1292,Tail
1318,Tail
1338,Tail
1339,Tail
1341,Tail
1408,Tail
1428,Tail
1499,Tail
1580,Tail
1609,Tail
1623,Tail
1628,Tail
1659,Tail
1660,Tail
1661,Tail
1674,Tail
1728,Tail
1773,Tail
1802,Tail
1824,Tail
1846,Tail
1880,Tail
1897,Tail
1899,Tail
1907,Tail
1909,Tail
1971,Tail
2046,Tail
2062,Tail
2119,Tail
2137,Tail
2157,Tail
2191,Tail
2207,Tail
2276,Tail
2357,Tail
2379,Tail
2418,Tail
2481,Tail
2556,Tail
2597,Tail
2627,Tail
2659,Tail
2712,Tail
2730,Tail
2738,Tail
2806,Tail
2851,Tail
2855,Tail
2939,Tail
2953,Tail
2973,Tail
3014,Tail
3050,Tail
3076,Tail
3079,Tail
3166,Tail
3172,Tail
3236,Tail
3252,Tail
3287,Tail
3346,Tail
3357,Tail
3359,Tail
3387,Tail
3400,Tail
3477,Tail
3567,Tail
3779,Tail
3805,Tail
3807,Tail
3958,Tail
3959,Tail
3981,Tail
3996,Tail
4158,Tail
4199,Tail
4200,Tail
4221,Tail
4223,Tail
4229,Tail
4267,Tail
4270,Tail
4274,Tail
4355,Tail
4392,Tail
4397,Tail
4408,Tail
4413,Tail
4414,Tail
4430,Tail
4442,Tail
4444,Tail
4482,Tail
4483,Tail
4512,Tail
4670,Tail
4694,Tail
4698,Tail
4752,Tail
4801,Tail
4854,Tail
4879,Tail
4880,Tail
4891,Tail
4911,Tail
4989,Tail
5010,Tail
5068,Tail
5088,Tail
5100,Tail
5106,Tail
5145,Tail
5154,Tail
5194,Tail
5221,Tail
5237,Tail
5246,Tail
5250,Tail
5266,Tail
5308,Tail
5315,Tail
5322,Tail
5351,Tail
5383,Tail
5405,Tail
5406,Tail
5416,Tail
5605,Tail
5635,Tail
5637,Tail
5677,Tail
5717,Tail
5884,Tail
5923,Tail
5965,Tail
5988,Tail
6024,Tail
6076,Tail
6124,Tail
6136,Tail
6174,Tail
6214,Tail
6238,Tail
6372,Tail
6437,Tail
6472,Tail
6478,Tail
6546,Tail
6567,Tail
6580,Tail
6599,Tail
6625,Tail
6636,Tail
6661,Tail
6662,Tail
6679,Tail
6682,Tail
6785,Tail
6891,Tail
6924,Tail
6943,Tail
6952,Tail
6966,Tail
6972,Tail
7013,Tail
7014,Tail
7039,Tail
7148,Tail
7151,Tail
7173,Tail
7185,Tail
7199,Tail
7222,Tail
7234,Tail
7251,Tail
7280,Tail
7338,Tail
7372,Tail
7431,Tail
7443,Tail
7552,Tail
7553,Tail
7652,Tail
7657,Tail
7725,Tail
7762,Tail
7772,Tail
7784,Tail
7872,Tail
7873,Tail
7875,Tail
7881,Tail
7890,Tail
7926,Tail
7968,Tail
8016,Tail
8070,Tail
8135,Tail
8140,Tail
8176,Tail
8189,Tail
8195,Tail
8196,Tail
8257,Tail
8299,Tail
8317,Tail
8321,Tail
8340,Tail
8384,Tail
8391,Tail
8405,Tail
8506,Tail
8531,Tail
8557,Tail
8610,Tail
8629,Tail
8646,Tail
8665,Tail
8727,Tail
8748,Tail
8752,Tail
8761,Tail
8766,Tail
8769,Tail
8806,Tail
8813,Tail
8824,Tail
8825,Tail
8906,Tail
8908,Tail
8939,Tail
8988,Tail
9067,Tail
9090,Tail
9165,Tail
9223,Tail
9236,Tail
9314,Tail
9316,Tail
9373,Tail
9391,Tail
9393,Tail
9412,Tail
9425,Tail
9444,Tail
9473,Tail
9497,Tail
9498,Tail
9516,Tail
9574,Tail
9618,Tail
9656,Tail
9698,Tail
9716,Tail
9809,Tail
9817,Tail
9824,Tail
9828,Tail
9849,Tail
9850,Tail
9879,Tail
9901,Tail
9908,Tail
9931,Tail
9969,Tail
10013,Tail
10053,Tail
10067,Tail
10068,Tail
10113,Tail
10116,Tail
10140,Tail
10152,Tail
10160,Tail
10164,Tail
10196,Tail
10213,Tail
10214,Tail
10254,Tail
10268,Tail
10293,Tail
10304,Tail
10320,Tail
10331,Tail
10350,Tail
10402,Tail
10410,Tail
10445,Tail
10489,Tail
10511,Tail
10553,Tail
10690,Tail
10738,Tail
10784,Tail
10793,Tail
10802,Tail
10914,Tail
10923,Tail
10927,Tail
10970,Tail
10983,Tail
10984,Tail
11033,Tail
11054,Tail
11063,Tail
11083,Tail
11086,Tail
11173,Tail
11202,Tail
11258,Tail
11270,Tail
11331,Tail
11346,Tail
11356,Tail
11357,Tail
11514,Tail
11518,Tail
11531,Tail
11567,Tail
11597,Tail
11614,Tail
11618,Tail
11622,Tail
11626,Tail
11703,Tail
11736,Tail
11741,Tail
11757,Tail
11792,Tail
11793,Tail
11836,Tail
11845,Tail
11874,Tail
11941,Tail
11991,Tail
11994,Tail
12068,Tail
12102,Tail
12167,Tail
12204,Tail
12235,Tail
12244,Tail
12312,Tail
12358,Tail
12370,Tail
12376,Tail
12566,Tail
12653,Tail
12751,Tail
12832,Tail
12844,Tail
12867,Tail
12888,Tail
12924,Tail
12931,Tail
12972,Tail
13008,Tail
13027,Tail
13121,Tail
13127,Tail
13185,Tail
13250,Tail
13281,Tail
13300,Tail
13358,Tail
13382,Tail
13433,Tail
13496,Tail
13542,Tail
13550,Tail
13560,Tail
13596,Tail
13605,Tail
13626,Tail
13684,Tail
13701,Tail
13753,Tail
13787,Tail
13842,Tail
13856,Tail
13884,Tail
13886,Tail
13919,Tail
13952,Tail
13961,Tail
14051,Tail
14119,Tail
14146,Tail
14153,Tail
14166,Tail
14176,Tail
14183,Tail
14226,Tail
14265,Tail
14270,Tail
14315,Tail
14360,Tail
14372,Tail
14392,Tail
14411,Tail
14441,Tail
14489,Tail
14490,Tail
14599,Tail
14600,Tail
14617,Tail
14634,Tail
14641,Tail
14676,Tail
14722,Tail
14798,Tail
14817,Tail
14859,Tail
14868,Tail
14935,Tail
14940,Tail
14983,Tail
15061,Tail
15072,Tail
15106,Tail
15115,Tail
15193,Tail
15204,Tail
15214,Tail
15237,Tail
15248,Tail
15249,Tail
15256,Tail
15267,Tail
15288,Tail
15342,Tail
15368,Tail
15406,Tail
15418,Tail
15465,Tail
15471,Tail
15475,Tail
15484,Tail
15492,Tail
15615,Tail
15620,Tail
15623,Tail
15630,Tail
15655,Tail
15688,Tail
15705,Tail
15711,Tail
15774,Tail
15778,Tail
15779,Tail
15888,Tail
15891,Tail
15907,Tail
16059,Tail
16062,Tail
16068,Tail
16164,Tail
16169,Tail
16170,Tail
16207,Tail
16271,Tail
16300,Tail
16319,Tail
16347,Tail
16349,Tail
16373,Tail
16413,Tail
16460,Tail
16472,Tail
16564,Tail
16627,Tail
16714,Tail
16790,Tail
16819,Tail
16854,Tail
16859,Tail
16862,Tail
16920,Tail
16941,Tail
16971,Tail
17020,Tail
17100,Tail
17172,Tail
17228,Tail
17245,Tail
17310,Tail
17328,Tail
17364,Tail
17382,Tail
17385,Tail
17404,Tail
17420,Tail
17428,Tail
17437,Tail
17469,Tail
17543,Tail
17550,Tail
17567,Tail
17590,Tail
17597,Tail
17634,Tail
17656,Tail
17680,Tail
17721,Tail
17733,Tail
17754,Tail
17801,Tail
17813,Tail
17819,Tail
17841,Tail
17886,Tail
17954,Tail
17956,Tail
17957,Tail
18080,Tail
18096,Tail
18106,Tail
18122,Tail
18184,Tail
18190,Tail
18202,Tail
18213,Tail
18231,Tail
18249,Tail
18254,Tail
18258,Tail
18272,Tail
18282,Tail
18315,Tail
18361,Tail
18363,Tail
18373,Tail
18376,Tail
18440,Tail
18453,Tail
18469,Tail
18506,Tail
18517,Tail
18520,Tail
18537,Tail
18574,Tail
18578,Tail
18642,Tail
18667,Tail
18718,Tail
18809,Tail
18844,Tail
18918,Tail
18929,Tail
18939,Tail
18962,Tail
18983,Tail
19000,Tail
19006,Tail
19162,Tail
19276,Tail
19344,Tail
19345,Tail
19348,Tail
19424,Tail
19467,Tail
19672,Tail
19681,Tail
19703,Tail
19724,Tail
19884,Tail
20020,Tail
20030,Tail
20056,Tail
20080,Tail
20102,Tail
20105,Tail
20306,Tail
20377,Tail
20378,Tail
20445,Tail
20457,Tail
20501,Tail
20562,Tail
20618,Tail
20694,Tail
20738,Tail
20808,Tail
20827,Tail
20885,Tail
20986,Tail
21019,Tail
21059,Tail
21083,Tail
21135,Tail
21141,Tail
21195,Tail
21214,Tail
21328,Tail
21361,Tail
21399,Tail
21411,Tail
21480,Tail
21494,Tail
21505,Tail
21518,Tail
21527,Tail
21546,Tail
21552,Tail
21566,Tail
21639,Tail
21642,Tail
21729,Tail
21735,Tail
21772,Tail
21786,Tail
21787,Tail
21861,Tail
21884,Tail
21891,Tail
22007,Tail
1,Tail
44,Tail
45,Tail
67,Tail
108,Tail
170,Tail
200,Tail
210,Tail
218,Tail
269,Tail
320,Tail
330,Tail
343,Tail
413,Tail
439,Tail
458,Tail
522,Tail
573,Tail
615,Tail
617,Tail
676,Tail
687,Tail
728,Tail
736,Tail
750,Tail
752,Tail
773,Tail
777,Tail
794,Tail
800,Tail
810,Tail
820,Tail
835,Tail
838,Tail
897,Tail
909,Tail
919,Tail
936,Tail
962,Tail
977,Tail
1010,Tail
1012,Tail
1032,Tail
1042,Tail
1053,Tail
1056,Tail
1058,Tail
1085,Tail
1086,Tail
1110,Tail
1141,Tail
1150,Tail
1173,Tail
1180,Tail
1229,Tail
1255,Tail
1272,Tail
1298,Tail
1322,Tail
1330,Tail
1367,Tail
1400,Tail
1511,Tail
1559,Tail
1583,Tail
1631,Tail
1649,Tail
1657,Tail
1680,Tail
1740,Tail
1754,Tail
1781,Tail
1804,Tail
1816,Tail
1832,Tail
1834,Tail
1883,Tail
1892,Tail
1928,Tail
1992,Tail
2077,Tail
2093,Tail
2099,Tail
2156,Tail
2214,Tail
2237,Tail
2249,Tail
2263,Tail
2264,Tail
2289,Tail
2290,Tail
2303,Tail
2321,Tail
2340,Tail
2375,Tail
2410,Tail
2429,Tail
2446,Tail
2527,Tail
2564,Tail
2693,Tail
2702,Tail
2703,Tail
2706,Tail
2858,Tail
2937,Tail
2954,Tail
3023,Tail
3027,Tail
3042,Tail
3077,Tail
3092,Tail
3106,Tail
3186,Tail
3221,Tail
3228,Tail
3237,Tail
3315,Tail
3347,Tail
3376,Tail
3378,Tail
3439,Tail
3441,Tail
3474,Tail
3512,Tail
3515,Tail
3518,Tail
3583,Tail
3590,Tail
3670,Tail
3696,Tail
3730,Tail
3816,Tail
3835,Tail
3860,Tail
3869,Tail
3923,Tail
3941,Tail
3967,Tail
4029,Tail
4050,Tail
4061,Tail
4078,Tail
4115,Tail
4155,Tail
4242,Tail
4245,Tail
4246,Tail
4257,Tail
4261,Tail
4273,Tail
4312,Tail
4337,Tail
4345,Tail
4347,Tail
4358,Tail
4363,Tail
4407,Tail
4419,Tail
4424,Tail
4495,Tail
4573,Tail
4585,Tail
4596,Tail
4604,Tail
4621,Tail
4624,Tail
4625,Tail
4664,Tail
4675,Tail
4692,Tail
4787,Tail
4795,Tail
4821,Tail
4917,Tail
4925,Tail
4945,Tail
4951,Tail
4967,Tail
5078,Tail
5108,Tail
5129,Tail
5142,Tail
5151,Tail
5171,Tail
5177,Tail
5185,Tail
5199,Tail
5200,Tail
5208,Tail
5227,Tail
5234,Tail
5244,Tail
5273,Tail
5277,Tail
5298,Tail
5323,Tail
5330,Tail
5359,Tail
5377,Tail
5396,Tail
5407,Tail
5450,Tail
5529,Tail
5609,Tail
5630,Tail
5632,Tail
5667,Tail
5673,Tail
5715,Tail
5769,Tail
5771,Tail
5773,Tail
5809,Tail
5834,Tail
5844,Tail
5902,Tail
5924,Tail
5938,Tail
5948,Tail
5960,Tail
6020,Tail
6036,Tail
6084,Tail
6107,Tail
6110,Tail
6115,Tail
6130,Tail
6204,Tail
6212,Tail
6228,Tail
6270,Tail
6318,Tail
6355,Tail
6371,Tail
6380,Tail
6395,Tail
6461,Tail
6470,Tail
6501,Tail
6510,Tail
6532,Tail
6536,Tail
6585,Tail
6589,Tail
6592,Tail
6605,Tail
6622,Tail
6722,Tail
6725,Tail
6755,Tail
6774,Tail
6779,Tail
6788,Tail
6812,Tail
6820,Tail
6836,Tail
6899,Tail
6927,Tail
6931,Tail
6942,Tail
6957,Tail
6963,Tail
7000,Tail
7003,Tail
7015,Tail
7030,Tail
7036,Tail
7041,Tail
7044,Tail
7070,Tail
7076,Tail
7104,Tail
7152,Tail
7158,Tail
7165,Tail
7172,Tail
7174,Tail
7183,Tail
7191,Tail
7206,Tail
7225,Tail
7271,Tail
7324,Tail
7327,Tail
7340,Tail
7375,Tail
7406,Tail
7423,Tail
7448,Tail
7479,Tail
7480,Tail
7549,Tail
7584,Tail
7650,Tail
7662,Tail
7684,Tail
7705,Tail
7711,Tail
7733,Tail
7775,Tail
7812,Tail
7829,Tail
7830,Tail
7837,Tail
7927,Tail
7956,Tail
7982,Tail
7990,Tail
7993,Tail
8035,Tail
8086,Tail
8089,Tail
8092,Tail
8126,Tail
8127,Tail
8148,Tail
8184,Tail
8218,Tail
8244,Tail
8351,Tail
8359,Tail
8388,Tail
8410,Tail
8432,Tail
8461,Tail
8485,Tail
8565,Tail
8585,Tail
8661,Tail
8683,Tail
8777,Tail
8784,Tail
8816,Tail
8867,Tail
8902,Tail
8918,Tail
9007,Tail
9025,Tail
9066,Tail
9073,Tail
9145,Tail
9185,Tail
9191,Tail
9197,Tail
9238,Tail
9296,Tail
9319,Tail
9338,Tail
9382,Tail
9413,Tail
9519,Tail
9583,Tail
9613,Tail
9622,Tail
9632,Tail
9663,Tail
9705,Tail
9726,Tail
9754,Tail
9767,Tail
9804,Tail
9805,Tail
9806,Tail
9815,Tail
9834,Tail
9835,Tail
9860,Tail
9890,Tail
9932,Tail
9956,Tail
9957,Tail
9967,Tail
9970,Tail
9973,Tail
9989,Tail
10009,Tail
10059,Tail
10159,Tail
10163,Tail
10172,Tail
10266,Tail
10280,Tail
10312,Tail
10322,Tail
10327,Tail
10339,Tail
10381,Tail
10451,Tail
10479,Tail
10482,Tail
10487,Tail
10574,Tail
10592,Tail
10619,Tail
10654,Tail
10688,Tail
10700,Tail
10736,Tail
10770,Tail
10782,Tail
10788,Tail
10792,Tail
10830,Tail
10832,Tail
10846,Tail
10848,Tail
10887,Tail
10896,Tail
10910,Tail
10911,Tail
10964,Tail
10977,Tail
11010,Tail
11017,Tail
11062,Tail
11073,Tail
11075,Tail
11088,Tail
11120,Tail
11127,Tail
11134,Tail
11166,Tail
11201,Tail
11212,Tail
11236,Tail
11252,Tail
11278,Tail
11281,Tail
11285,Tail
11315,Tail
11371,Tail
11388,Tail
11552,Tail
11600,Tail
11623,Tail
11646,Tail
11657,Tail
11768,Tail
11773,Tail
11815,Tail
11823,Tail
11942,Tail
11958,Tail
11960,Tail
12020,Tail
12032,Tail
12043,Tail
12083,Tail
12114,Tail
12145,Tail
12155,Tail
12156,Tail
12161,Tail
12200,Tail
12231,Tail
12232,Tail
12264,Tail
12355,Tail
12368,Tail
12375,Tail
12482,Tail
12487,Tail
12493,Tail
12612,Tail
12754,Tail
12765,Tail
12779,Tail
12785,Tail
12788,Tail
12795,Tail
12812,Tail
12819,Tail
12826,Tail
12857,Tail
12878,Tail
12882,Tail
12905,Tail
12946,Tail
13038,Tail
13071,Tail
13073,Tail
13097,Tail
13100,Tail
13103,Tail
13104,Tail
13119,Tail
13228,Tail
13263,Tail
13272,Tail
13287,Tail
13289,Tail
13290,Tail
13319,Tail
13323,Tail
13348,Tail
13415,Tail
13477,Tail
13479,Tail
13506,Tail
13514,Tail
13524,Tail
13530,Tail
13566,Tail
13705,Tail
13736,Tail
13750,Tail
13751,Tail
13759,Tail
13764,Tail
13779,Tail
13806,Tail
13808,Tail
14044,Tail
14062,Tail
14106,Tail
14114,Tail
14121,Tail
14190,Tail
14208,Tail
14283,Tail
14295,Tail
14328,Tail
14357,Tail
14358,Tail
14382,Tail
14396,Tail
14405,Tail
14479,Tail
14491,Tail
14505,Tail
14583,Tail
14592,Tail
14598,Tail
14632,Tail
14657,Tail
14663,Tail
14664,Tail
14688,Tail
14749,Tail
14750,Tail
14818,Tail
14822,Tail
14836,Tail
14853,Tail
14886,Tail
14931,Tail
14934,Tail
14944,Tail
14976,Tail
15021,Tail
15027,Tail
15108,Tail
15151,Tail
15155,Tail
15163,Tail
15186,Tail
15196,Tail
15282,Tail
15313,Tail
15320,Tail
15325,Tail
15381,Tail
15449,Tail
15479,Tail
15494,Tail
15525,Tail
15543,Tail
15573,Tail
15611,Tail
15624,Tail
15635,Tail
15654,Tail
15715,Tail
15746,Tail
15780,Tail
15782,Tail
15786,Tail
15787,Tail
15807,Tail
15837,Tail
15853,Tail
15858,Tail
15914,Tail
16015,Tail
16043,Tail
16044,Tail
16045,Tail
16060,Tail
16078,Tail
16130,Tail
16152,Tail
16155,Tail
16173,Tail
16190,Tail
16192,Tail
16245,Tail
16358,Tail
16387,Tail
16459,Tail
16486,Tail
16547,Tail
16549,Tail
16553,Tail
16589,Tail
16603,Tail
16605,Tail
16625,Tail
16631,Tail
16639,Tail
16711,Tail
16717,Tail
16735,Tail
16768,Tail
16773,Tail
16785,Tail
16796,Tail
16836,Tail
16849,Tail
16850,Tail
16944,Tail
16998,Tail
17104,Tail
17182,Tail
17216,Tail
17258,Tail
17266,Tail
17292,Tail
17335,Tail
17353,Tail
17362,Tail
17381,Tail
17410,Tail
17418,Tail
17432,Tail
17468,Tail
17535,Tail
17536,Tail
17546,Tail
17568,Tail
17576,Tail
17606,Tail
17619,Tail
17645,Tail
17658,Tail
17718,Tail
17739,Tail
17745,Tail
17760,Tail
17764,Tail
17773,Tail
17783,Tail
17825,Tail
17887,Tail
17970,Tail
18028,Tail
18038,Tail
18040,Tail
18070,Tail
18108,Tail
18136,Tail
18152,Tail
18154,Tail
18160,Tail
18189,Tail
18192,Tail
18214,Tail
18234,Tail
18274,Tail
18289,Tail
18292,Tail
18305,Tail
18313,Tail
18314,Tail
18352,Tail
18397,Tail
18425,Tail
18427,Tail
18463,Tail
18472,Tail
18487,Tail
18541,Tail
18622,Tail
18632,Tail
18659,Tail
18674,Tail
18694,Tail
18722,Tail
18726,Tail
18744,Tail
18779,Tail
18798,Tail
18890,Tail
18911,Tail
18971,Tail
19045,Tail
19084,Tail
19141,Tail
19166,Tail
19227,Tail
19255,Tail
19341,Tail
19343,Tail
19350,Tail
19419,Tail
19477,Tail
19577,Tail
19597,Tail
19602,Tail
19614,Tail
19651,Tail
19657,Tail
19846,Tail
19913,Tail
19918,Tail
19919,Tail
19964,Tail
20031,Tail
20130,Tail
20151,Tail
20161,Tail
20165,Tail
20195,Tail
20196,Tail
20237,Tail
20287,Tail
20299,Tail
20321,Tail
20335,Tail
20410,Tail
20416,Tail
20426,Tail
20458,Tail
20517,Tail
20536,Tail
20544,Tail
20566,Tail
20598,Tail
20615,Tail
20648,Tail
20684,Tail
20708,Tail
20760,Tail
20861,Tail
20876,Tail
20879,Tail
20895,Tail
20952,Tail
21038,Tail
21050,Tail
21058,Tail
21063,Tail
21144,Tail
21187,Tail
21201,Tail
21206,Tail
21209,Tail
21319,Tail
21351,Tail
21352,Tail
21367,Tail
21391,Tail
21410,Tail
21417,Tail
21478,Tail
21567,Tail
21654,Tail
21655,Tail
21721,Tail
21755,Tail
21777,Tail
21780,Tail
21843,Tail
21880,Tail
21894,Tail
21909,Tail
21979,Tail
22008,Tail
4,Tail
26,Tail
74,Tail
149,Tail
156,Tail
224,Tail
262,Tail
278,Tail
319,Tail
359,Tail
428,Tail
474,Tail
503,Tail
504,Tail
538,Tail
544,Tail
564,Tail
575,Tail
673,Tail
684,Tail
747,Tail
753,Tail
760,Tail
790,Tail
815,Tail
822,Tail
951,Tail
963,Tail
969,Tail
984,Tail
1021,Tail
1027,Tail
1135,Tail
1218,Tail
1251,Tail
1334,Tail
1342,Tail
1348,Tail
1368,Tail
1385,Tail
1414,Tail
1431,Tail
1450,Tail
1455,Tail
1485,Tail
1560,Tail
1606,Tail
1637,Tail
1684,Tail
1685,Tail
1687,Tail
1700,Tail
1708,Tail
1720,Tail
1741,Tail
1767,Tail
1783,Tail
1812,Tail
1863,Tail
1938,Tail
1947,Tail
1988,Tail
2005,Tail
2113,Tail
2216,Tail
2228,Tail
2245,Tail
2256,Tail
2281,Tail
2287,Tail
2294,Tail
2312,Tail
2347,Tail
2385,Tail
2402,Tail
2405,Tail
2428,Tail
2483,Tail
2493,Tail
2551,Tail
2599,Tail
2630,Tail
2635,Tail
2649,Tail
2665,Tail
2671,Tail
2700,Tail
2704,Tail
2762,Tail
2778,Tail
2781,Tail
2782,Tail
2844,Tail
2846,Tail
2850,Tail
2853,Tail
2888,Tail
2900,Tail
2906,Tail
2991,Tail
2998,Tail
3005,Tail
3021,Tail
3022,Tail
3082,Tail
3126,Tail
3163,Tail
3282,Tail
3293,Tail
3319,Tail
3335,Tail
3361,Tail
3489,Tail
3595,Tail
3645,Tail
3664,Tail
3765,Tail
3778,Tail
3789,Tail
3791,Tail
3799,Tail
3821,Tail
3831,Tail
3866,Tail
3896,Tail
3934,Tail
3993,Tail
4001,Tail
4022,Tail
4083,Tail
4098,Tail
4107,Tail
4108,Tail
4110,Tail
4127,Tail
4233,Tail
4239,Tail
4247,Tail
4287,Tail
4353,Tail
4357,Tail
4364,Tail
4384,Tail
4391,Tail
4400,Tail
4486,Tail
4557,Tail
4606,Tail
4626,Tail
4659,Tail
4693,Tail
4696,Tail
4766,Tail
4828,Tail
4845,Tail
4861,Tail
4881,Tail
4920,Tail
4930,Tail
4948,Tail
4973,Tail
4992,Tail
5033,Tail
5099,Tail
5181,Tail
5198,Tail
5205,Tail
5206,Tail
5241,Tail
5258,Tail
5264,Tail
5265,Tail
5349,Tail
5350,Tail
5374,Tail
5382,Tail
5384,Tail
5387,Tail
5402,Tail
5419,Tail
5442,Tail
5446,Tail
5457,Tail
5478,Tail
5546,Tail
5562,Tail
5616,Tail
5640,Tail
5669,Tail
5708,Tail
5797,Tail
5813,Tail
5835,Tail
5862,Tail
5868,Tail
5875,Tail
5903,Tail
5907,Tail
5909,Tail
5936,Tail
5989,Tail
6048,Tail
6052,Tail
6065,Tail
6109,Tail
6119,Tail
6131,Tail
6188,Tail
6199,Tail
6223,Tail
6320,Tail
6324,Tail
6336,Tail
6340,Tail
6345,Tail
6362,Tail
6377,Tail
6504,Tail
6531,Tail
6554,Tail
6571,Tail
6582,Tail
6583,Tail
6588,Tail
6590,Tail
6603,Tail
6614,Tail
6620,Tail
6637,Tail
6663,Tail
6677,Tail
6687,Tail
6689,Tail
6699,Tail
6702,Tail
6809,Tail
6864,Tail
6912,Tail
6969,Tail
6995,Tail
7001,Tail
7007,Tail
7012,Tail
7017,Tail
7025,Tail
7042,Tail
7052,Tail
7062,Tail
7127,Tail
7131,Tail
7161,Tail
7192,Tail
7193,Tail
7207,Tail
7212,Tail
7216,Tail
7217,Tail
7238,Tail
7241,Tail
7244,Tail
7304,Tail
7312,Tail
7329,Tail
7371,Tail
7387,Tail
7408,Tail
7424,Tail
7432,Tail
7468,Tail
7488,Tail
7535,Tail
7559,Tail
7583,Tail
7612,Tail
7627,Tail
7646,Tail
7656,Tail
7660,Tail
7666,Tail
7717,Tail
7787,Tail
7868,Tail
7917,Tail
7963,Tail
7973,Tail
7997,Tail
8031,Tail
8088,Tail
8192,Tail
8336,Tail
8357,Tail
8387,Tail
8431,Tail
8526,Tail
8529,Tail
8544,Tail
8547,Tail
8550,Tail
8587,Tail
8620,Tail
8706,Tail
8709,Tail
8718,Tail
8772,Tail
8790,Tail
8912,Tail
8938,Tail
8964,Tail
8983,Tail
8997,Tail
9098,Tail
9108,Tail
9186,Tail
9286,Tail
9341,Tail
9344,Tail
9366,Tail
9392,Tail
9394,Tail
9409,Tail
9424,Tail
9452,Tail
9470,Tail
9494,Tail
9511,Tail
9518,Tail
9588,Tail
9604,Tail
9640,Tail
9646,Tail
9653,Tail
9655,Tail
9657,Tail
9659,Tail
9719,Tail
9788,Tail
9792,Tail
9827,Tail
9830,Tail
9845,Tail
9871,Tail
9887,Tail
9898,Tail
9952,Tail
9990,Tail
9996,Tail
9998,Tail
10019,Tail
10040,Tail
10101,Tail
10106,Tail
10155,Tail
10173,Tail
10219,Tail
10274,Tail
10298,Tail
10323,Tail
10325,Tail
10380,Tail
10454,Tail
10474,Tail
10501,Tail
10514,Tail
10552,Tail
10570,Tail
10611,Tail
10617,Tail
10636,Tail
10698,Tail
10705,Tail
10719,Tail
10728,Tail
10732,Tail
10754,Tail
10757,Tail
10764,Tail
10769,Tail
10811,Tail
10821,Tail
10833,Tail
10861,Tail
10868,Tail
10879,Tail
10907,Tail
10980,Tail
10996,Tail
11000,Tail
11045,Tail
11052,Tail
11077,Tail
11117,Tail
11126,Tail
11135,Tail
11178,Tail
11189,Tail
11194,Tail
11196,Tail
11223,Tail
11227,Tail
11257,Tail
11265,Tail
11266,Tail
11287,Tail
11290,Tail
11295,Tail
11296,Tail
11303,Tail
11305,Tail
11327,Tail
11362,Tail
11398,Tail
11503,Tail
11556,Tail
11608,Tail
11648,Tail
11660,Tail
11676,Tail
11681,Tail
11777,Tail
11785,Tail
11796,Tail
11810,Tail
11883,Tail
11909,Tail
11915,Tail
11918,Tail
11926,Tail
11970,Tail
12022,Tail
12067,Tail
12074,Tail
12079,Tail
12097,Tail
12099,Tail
12105,Tail
12141,Tail
12175,Tail
12176,Tail
12178,Tail
12219,Tail
12248,Tail
12316,Tail
12317,Tail
12326,Tail
12342,Tail
12373,Tail
12394,Tail
12404,Tail
12419,Tail
12441,Tail
12451,Tail
12536,Tail
12537,Tail
12561,Tail
12568,Tail
12571,Tail
12586,Tail
12587,Tail
12605,Tail
12686,Tail
12691,Tail
12698,Tail
12699,Tail
12732,Tail
12793,Tail
12797,Tail
12841,Tail
12846,Tail
12871,Tail
12876,Tail
12910,Tail
12920,Tail
12992,Tail
13009,Tail
13047,Tail
13056,Tail
13075,Tail
13091,Tail
13169,Tail
13227,Tail
13233,Tail
13236,Tail
13269,Tail
13275,Tail
13277,Tail
13353,Tail
13387,Tail
13413,Tail
13445,Tail
13473,Tail
13503,Tail
13504,Tail
13563,Tail
13594,Tail
13606,Tail
13615,Tail
13625,Tail
13634,Tail
13643,Tail
13694,Tail
13725,Tail
13727,Tail
13773,Tail
13822,Tail
13826,Tail
13840,Tail
13872,Tail
13880,Tail
13889,Tail
13911,Tail
13962,Tail
14003,Tail
14026,Tail
14052,Tail
14057,Tail
14093,Tail
14113,Tail
14115,Tail
14118,Tail
14133,Tail
14168,Tail
14174,Tail
14182,Tail
14200,Tail
14342,Tail
14363,Tail
14364,Tail
14391,Tail
14393,Tail
14402,Tail
14427,Tail
14442,Tail
14445,Tail
14448,Tail
14459,Tail
14514,Tail
14524,Tail
14550,Tail
14582,Tail
14585,Tail
14609,Tail
14661,Tail
14682,Tail
14745,Tail
14777,Tail
14782,Tail
14783,Tail
14793,Tail
14801,Tail
14823,Tail
14838,Tail
14861,Tail
14888,Tail
14895,Tail
14900,Tail
14914,Tail
14941,Tail
14949,Tail
14999,Tail
15007,Tail
15040,Tail
15076,Tail
15159,Tail
15172,Tail
15174,Tail
15175,Tail
15183,Tail
15188,Tail
15202,Tail
15287,Tail
15291,Tail
15374,Tail
15375,Tail
15378,Tail
15382,Tail
15386,Tail
15435,Tail
15474,Tail
15521,Tail
15540,Tail
15544,Tail
15558,Tail
15566,Tail
15617,Tail
15636,Tail
15659,Tail
15675,Tail
15727,Tail
15730,Tail
15759,Tail
15817,Tail
15818,Tail
15842,Tail
15857,Tail
15870,Tail
15886,Tail
15893,Tail
15940,Tail
15982,Tail
15984,Tail
16001,Tail
16002,Tail
16016,Tail
16021,Tail
16069,Tail
16076,Tail
16084,Tail
16086,Tail
16119,Tail
16146,Tail
16196,Tail
16206,Tail
16210,Tail
16239,Tail
16249,Tail
16286,Tail
16299,Tail
16315,Tail
16321,Tail
16339,Tail
16345,Tail
16388,Tail
16389,Tail
16405,Tail
16461,Tail
16469,Tail
16514,Tail
16525,Tail
16536,Tail
16540,Tail
16556,Tail
16567,Tail
16572,Tail
16587,Tail
16608,Tail
16644,Tail
16657,Tail
16696,Tail
16706,Tail
16725,Tail
16729,Tail
16730,Tail
16738,Tail
16749,Tail
16781,Tail
16803,Tail
16841,Tail
16866,Tail
16874,Tail
16899,Tail
16924,Tail
16933,Tail
16977,Tail
16992,Tail
17014,Tail
17097,Tail
17112,Tail
17134,Tail
17165,Tail
17174,Tail
17187,Tail
17235,Tail
17280,Tail
17286,Tail
17306,Tail
17376,Tail
17406,Tail
17427,Tail
17444,Tail
17447,Tail
17482,Tail
17533,Tail
17548,Tail
17562,Tail
17572,Tail
17669,Tail
17679,Tail
17714,Tail
17717,Tail
17752,Tail
17826,Tail
17833,Tail
17855,Tail
17885,Tail
17909,Tail
17916,Tail
18146,Tail
18157,Tail
18208,Tail
18222,Tail
18227,Tail
18233,Tail
18237,Tail
18295,Tail
18310,Tail
18312,Tail
18316,Tail
18353,Tail
18380,Tail
18419,Tail
18429,Tail
18450,Tail
18462,Tail
18485,Tail
18509,Tail
18524,Tail
18598,Tail
18606,Tail
18620,Tail
18707,Tail
18716,Tail
18725,Tail
18769,Tail
18795,Tail
18810,Tail
18811,Tail
18812,Tail
18874,Tail
18888,Tail
18895,Tail
18909,Tail
18944,Tail
19023,Tail
19054,Tail
19065,Tail
19154,Tail
19169,Tail
19174,Tail
19228,Tail
19229,Tail
19246,Tail
19272,Tail
19293,Tail
19316,Tail
19378,Tail
19387,Tail
19454,Tail
19455,Tail
19475,Tail
19500,Tail
19559,Tail
19560,Tail
19585,Tail
19589,Tail
19683,Tail
19702,Tail
19725,Tail
19738,Tail
19819,Tail
19880,Tail
19891,Tail
19921,Tail
20001,Tail
20070,Tail
20206,Tail
20262,Tail
20288,Tail
20310,Tail
20333,Tail
20363,Tail
20391,Tail
20417,Tail
20422,Tail
20441,Tail
20465,Tail
20500,Tail
20518,Tail
20589,Tail
20592,Tail
20611,Tail
20640,Tail
20661,Tail
20673,Tail
20687,Tail
20746,Tail
20816,Tail
20818,Tail
20907,Tail
20932,Tail
20978,Tail
21020,Tail
21025,Tail
21066,Tail
21070,Tail
21081,Tail
21165,Tail
21227,Tail
21297,Tail
21313,Tail
21345,Tail
21368,Tail
21425,Tail
21489,Tail
21553,Tail
21570,Tail
21634,Tail
21637,Tail
21652,Tail
21656,Tail
21661,Tail
21666,Tail
21669,Tail
21671,Tail
21702,Tail
21709,Tail
21711,Tail
21824,Tail
21842,Tail
21873,Tail
21877,Tail
21895,Tail
21952,Tail
6,Tail
60,Tail
68,Tail
96,Tail
166,Tail
270,Tail
364,Tail
371,Tail
379,Tail
460,Tail
492,Tail
495,Tail
561,Tail
645,Tail
655,Tail
678,Tail
741,Tail
764,Tail
768,Tail
785,Tail
793,Tail
795,Tail
797,Tail
871,Tail
876,Tail
879,Tail
880,Tail
885,Tail
898,Tail
920,Tail
927,Tail
975,Tail
976,Tail
1033,Tail
1076,Tail
1158,Tail
1193,Tail
1201,Tail
1259,Tail
1267,Tail
1278,Tail
1288,Tail
1344,Tail
1452,Tail
1453,Tail
1500,Tail
1502,Tail
1505,Tail
1519,Tail
1558,Tail
1566,Tail
1620,Tail
1622,Tail
1633,Tail
1677,Tail
1789,Tail
1814,Tail
1844,Tail
1847,Tail
1893,Tail
1974,Tail
2031,Tail
2041,Tail
2081,Tail
2186,Tail
2244,Tail
2274,Tail
2282,Tail
2300,Tail
2325,Tail
2327,Tail
2352,Tail
2358,Tail
2367,Tail
2404,Tail
2419,Tail
2431,Tail
2437,Tail
2450,Tail
2458,Tail
2532,Tail
2533,Tail
2534,Tail
2596,Tail
2601,Tail
2607,Tail
2617,Tail
2664,Tail
2672,Tail
2686,Tail
2714,Tail
2734,Tail
2789,Tail
2809,Tail
2839,Tail
2874,Tail
2905,Tail
2917,Tail
2932,Tail
2995,Tail
3003,Tail
3032,Tail
3039,Tail
3040,Tail
3085,Tail
3096,Tail
3125,Tail
3158,Tail
3178,Tail
3204,Tail
3284,Tail
3285,Tail
3314,Tail
3336,Tail
3364,Tail
3407,Tail
3434,Tail
3450,Tail
3550,Tail
3568,Tail
3570,Tail
3598,Tail
3600,Tail
3641,Tail
3655,Tail
3657,Tail
3671,Tail
3680,Tail
3726,Tail
3773,Tail
3829,Tail
3882,Tail
3892,Tail
4023,Tail
4037,Tail
4052,Tail
4058,Tail
4077,Tail
4116,Tail
4123,Tail
4210,Tail
4284,Tail
4285,Tail
4305,Tail
4311,Tail
4318,Tail
4322,Tail
4326,Tail
4365,Tail
4409,Tail
4436,Tail
4465,Tail
4489,Tail
4507,Tail
4541,Tail
4549,Tail
4551,Tail
4560,Tail
4581,Tail
4603,Tail
4607,Tail
4623,Tail
4702,Tail
4727,Tail
4745,Tail
4817,Tail
4862,Tail
4883,Tail
4889,Tail
4895,Tail
4949,Tail
5004,Tail
5060,Tail
5072,Tail
5089,Tail
5095,Tail
5146,Tail
5149,Tail
5230,Tail
5252,Tail
5263,Tail
5267,Tail
5269,Tail
5332,Tail
5368,Tail
5388,Tail
5414,Tail
5440,Tail
5444,Tail
5452,Tail
5456,Tail
5461,Tail
5569,Tail
5597,Tail
5607,Tail
5723,Tail
5793,Tail
5803,Tail
5808,Tail
5849,Tail
5935,Tail
5957,Tail
5970,Tail
6079,Tail
6120,Tail
6132,Tail
6135,Tail
6153,Tail
6222,Tail
6229,Tail
6262,Tail
6284,Tail
6305,Tail
6316,Tail
6317,Tail
6331,Tail
6335,Tail
6343,Tail
6349,Tail
6351,Tail
6366,Tail
6507,Tail
6508,Tail
6514,Tail
6569,Tail
6578,Tail
6581,Tail
6594,Tail
6602,Tail
6705,Tail
6744,Tail
6770,Tail
6784,Tail
6791,Tail
6792,Tail
6800,Tail
6837,Tail
6877,Tail
6886,Tail
6960,Tail
6977,Tail
6979,Tail
6997,Tail
7011,Tail
7019,Tail
7028,Tail
7047,Tail
7050,Tail
7072,Tail
7091,Tail
7093,Tail
7102,Tail
7105,Tail
7107,Tail
7116,Tail
7137,Tail
7164,Tail
7171,Tail
7178,Tail
7180,Tail
7184,Tail
7219,Tail
7231,Tail
7235,Tail
7245,Tail
7356,Tail
7366,Tail
7377,Tail
7409,Tail
7416,Tail
7419,Tail
7428,Tail
7440,Tail
7449,Tail
7504,Tail
7592,Tail
7594,Tail
7598,Tail
7608,Tail
7624,Tail
7649,Tail
7709,Tail
7807,Tail
7809,Tail
7828,Tail
7834,Tail
7888,Tail
7921,Tail
7952,Tail
8001,Tail
8023,Tail
8172,Tail
8173,Tail
8190,Tail
8203,Tail
8225,Tail
8264,Tail
8267,Tail
8291,Tail
8296,Tail
8319,Tail
8320,Tail
8325,Tail
8462,Tail
8476,Tail
8501,Tail
8519,Tail
8588,Tail
8597,Tail
8607,Tail
8615,Tail
8634,Tail
8637,Tail
8638,Tail
8670,Tail
8672,Tail
8674,Tail
8678,Tail
8724,Tail
8725,Tail
8735,Tail
8758,Tail
8834,Tail
8852,Tail
8857,Tail
8868,Tail
8869,Tail
8882,Tail
8890,Tail
8917,Tail
8937,Tail
8961,Tail
8985,Tail
9011,Tail
9078,Tail
9111,Tail
9130,Tail
9139,Tail
9151,Tail
9180,Tail
9213,Tail
9237,Tail
9276,Tail
9298,Tail
9315,Tail
9337,Tail
9345,Tail
9377,Tail
9423,Tail
9455,Tail
9466,Tail
9495,Tail
9501,Tail
9536,Tail
9597,Tail
9633,Tail
9634,Tail
9638,Tail
9660,Tail
9691,Tail
9711,Tail
9715,Tail
9722,Tail
9730,Tail
9770,Tail
9774,Tail
9791,Tail
9793,Tail
9798,Tail
9802,Tail
9808,Tail
9821,Tail
9829,Tail
9831,Tail
9840,Tail
9852,Tail
9853,Tail
9859,Tail
9862,Tail
9875,Tail
9911,Tail
9927,Tail
9933,Tail
9958,Tail
9977,Tail
9992,Tail
10000,Tail
10004,Tail
10051,Tail
10052,Tail
10082,Tail
10117,Tail
10141,Tail
10146,Tail
10174,Tail
10185,Tail
10225,Tail
10269,Tail
10277,Tail
10284,Tail
10345,Tail
10379,Tail
10394,Tail
10422,Tail
10440,Tail
10457,Tail
10470,Tail
10496,Tail
10616,Tail
10625,Tail
10627,Tail
10687,Tail
10696,Tail
10703,Tail
10744,Tail
10800,Tail
10829,Tail
10862,Tail
10878,Tail
10884,Tail
10963,Tail
11001,Tail
11005,Tail
11087,Tail
11093,Tail
11097,Tail
11125,Tail
11160,Tail
11172,Tail
11232,Tail
11237,Tail
11238,Tail
11250,Tail
11301,Tail
11302,Tail
11322,Tail
11348,Tail
11369,Tail
11370,Tail
11373,Tail
11405,Tail
11412,Tail
11466,Tail
11494,Tail
11495,Tail
11550,Tail
11606,Tail
11633,Tail
11651,Tail
11659,Tail
11667,Tail
11670,Tail
11677,Tail
11767,Tail
11772,Tail
11774,Tail
11825,Tail
11861,Tail
11882,Tail
11906,Tail
11919,Tail
11961,Tail
11980,Tail
11986,Tail
12007,Tail
12028,Tail
12036,Tail
12075,Tail
12076,Tail
12103,Tail
12115,Tail
12170,Tail
12194,Tail
12199,Tail
12217,Tail
12230,Tail
12289,Tail
12301,Tail
12331,Tail
12336,Tail
12388,Tail
12403,Tail
12410,Tail
12436,Tail
12461,Tail
12495,Tail
12507,Tail
12570,Tail
12575,Tail
12578,Tail
12579,Tail
12669,Tail
12718,Tail
12724,Tail
12726,Tail
12782,Tail
12794,Tail
12798,Tail
12815,Tail
12820,Tail
12821,Tail
12824,Tail
12840,Tail
12898,Tail
12915,Tail
12933,Tail
13034,Tail
13050,Tail
13062,Tail
13093,Tail
13107,Tail
13141,Tail
13149,Tail
13258,Tail
13262,Tail
13288,Tail
13298,Tail
13299,Tail
13301,Tail
13371,Tail
13441,Tail
13444,Tail
13469,Tail
13510,Tail
13517,Tail
13520,Tail
13539,Tail
13548,Tail
13554,Tail
13616,Tail
13624,Tail
13631,Tail
13657,Tail
13704,Tail
13743,Tail
13757,Tail
13763,Tail
13799,Tail
13802,Tail
13815,Tail
13832,Tail
13905,Tail
13980,Tail
14055,Tail
14122,Tail
14196,Tail
14204,Tail
14206,Tail
14254,Tail
14259,Tail
14268,Tail
14323,Tail
14394,Tail
14433,Tail
14494,Tail
14549,Tail
14565,Tail
14571,Tail
14607,Tail
14614,Tail
14654,Tail
14658,Tail
14684,Tail
14711,Tail
14743,Tail
14769,Tail
14796,Tail
14802,Tail
14803,Tail
14805,Tail
14811,Tail
14845,Tail
14855,Tail
14863,Tail
14872,Tail
14882,Tail
14887,Tail
14902,Tail
14908,Tail
14919,Tail
14942,Tail
14987,Tail
15009,Tail
15024,Tail
15067,Tail
15104,Tail
15179,Tail
15184,Tail
15185,Tail
15194,Tail
15199,Tail
15245,Tail
15260,Tail
15279,Tail
15376,Tail
15379,Tail
15407,Tail
15413,Tail
15414,Tail
15417,Tail
15419,Tail
15436,Tail
15442,Tail
15459,Tail
15468,Tail
15472,Tail
15477,Tail
15502,Tail
15561,Tail
15581,Tail
15582,Tail
15586,Tail
15595,Tail
15701,Tail
15757,Tail
15762,Tail
15764,Tail
15788,Tail
15803,Tail
15841,Tail
15860,Tail
15905,Tail
15911,Tail
15939,Tail
15973,Tail
15986,Tail
16056,Tail
16121,Tail
16145,Tail
16148,Tail
16157,Tail
16185,Tail
16194,Tail
16241,Tail
16257,Tail
16270,Tail
16284,Tail
16289,Tail
16292,Tail
16359,Tail
16393,Tail
16394,Tail
16454,Tail
16524,Tail
16537,Tail
16557,Tail
16561,Tail
16563,Tail
16588,Tail
16609,Tail
16654,Tail
16666,Tail
16670,Tail
16686,Tail
16692,Tail
16726,Tail
16756,Tail
16757,Tail
16822,Tail
16869,Tail
16872,Tail
16873,Tail
16877,Tail
16882,Tail
16885,Tail
16904,Tail
16907,Tail
16937,Tail
16942,Tail
17006,Tail
17008,Tail
17056,Tail
17105,Tail
17176,Tail
17250,Tail
17265,Tail
17326,Tail
17365,Tail
17373,Tail
17405,Tail
17520,Tail
17555,Tail
17563,Tail
17566,Tail
17575,Tail
17643,Tail
17647,Tail
17731,Tail
17753,Tail
17785,Tail
17820,Tail
17822,Tail
17823,Tail
17837,Tail
17857,Tail
17907,Tail
17931,Tail
17932,Tail
17968,Tail
18005,Tail
18033,Tail
18135,Tail
18151,Tail
18166,Tail
18170,Tail
18181,Tail
18185,Tail
18205,Tail
18206,Tail
18251,Tail
18286,Tail
18287,Tail
18288,Tail
18299,Tail
18317,Tail
18378,Tail
18445,Tail
18497,Tail
18534,Tail
18569,Tail
18588,Tail
18589,Tail
18677,Tail
18695,Tail
18705,Tail
18720,Tail
18724,Tail
18730,Tail
18765,Tail
18785,Tail
18848,Tail
18877,Tail
18891,Tail
18907,Tail
18970,Tail
18972,Tail
19016,Tail
19030,Tail
19044,Tail
19150,Tail
19172,Tail
19204,Tail
19207,Tail
19226,Tail
19264,Tail
19319,Tail
19320,Tail
19333,Tail
19359,Tail
19373,Tail
19383,Tail
19390,Tail
19391,Tail
19394,Tail
19432,Tail
19440,Tail
19458,Tail
19497,Tail
19533,Tail
19553,Tail
19554,Tail
19600,Tail
19641,Tail
19732,Tail
19783,Tail
19976,Tail
20013,Tail
20057,Tail
20088,Tail
20118,Tail
20122,Tail
20194,Tail
20244,Tail
20348,Tail
20370,Tail
20371,Tail
20379,Tail
20384,Tail
20409,Tail
20425,Tail
20427,Tail
20486,Tail
20561,Tail
20652,Tail
20681,Tail
20743,Tail
20847,Tail
20886,Tail
20995,Tail
21067,Tail
21130,Tail
21221,Tail
21225,Tail
21230,Tail
21263,Tail
21320,Tail
21334,Tail
21362,Tail
21396,Tail
21498,Tail
21510,Tail
21511,Tail
21529,Tail
21610,Tail
21614,Tail
21657,Tail
21670,Tail
21674,Tail
21739,Tail
21794,Tail
21848,Tail
21881,Tail
21882,Tail
21939,Tail
21940,Tail
21978,Tail
22000,Tail
3,Tail
39,Tail
59,Tail
64,Tail
73,Tail
150,Tail
163,Tail
186,Tail
214,Tail
223,Tail
307,Tail
309,Tail
321,Tail
392,Tail
418,Tail
479,Tail
494,Tail
496,Tail
516,Tail
609,Tail
614,Tail
646,Tail
656,Tail
659,Tail
662,Tail
672,Tail
681,Tail
690,Tail
722,Tail
761,Tail
786,Tail
788,Tail
796,Tail
843,Tail
865,Tail
895,Tail
943,Tail
948,Tail
1018,Tail
1026,Tail
1040,Tail
1062,Tail
1077,Tail
1102,Tail
1107,Tail
1142,Tail
1189,Tail
1191,Tail
1219,Tail
1276,Tail
1310,Tail
1331,Tail
1336,Tail
1347,Tail
1350,Tail
1355,Tail
1356,Tail
1358,Tail
1372,Tail
1374,Tail
1382,Tail
1430,Tail
1448,Tail
1458,Tail
1484,Tail
1507,Tail
1529,Tail
1579,Tail
1588,Tail
1595,Tail
1598,Tail
1618,Tail
1662,Tail
1682,Tail
1702,Tail
1712,Tail
1727,Tail
1731,Tail
1756,Tail
1779,Tail
1780,Tail
1809,Tail
1810,Tail
1819,Tail
1828,Tail
1853,Tail
1861,Tail
1901,Tail
1922,Tail
1948,Tail
1991,Tail
2003,Tail
2007,Tail
2009,Tail
2059,Tail
2071,Tail
2091,Tail
2146,Tail
2185,Tail
2210,Tail
2248,Tail
2275,Tail
2280,Tail
2296,Tail
2322,Tail
2323,Tail
2324,Tail
2392,Tail
2411,Tail
2434,Tail
2441,Tail
2451,Tail
2476,Tail
2505,Tail
2517,Tail
2537,Tail
2545,Tail
2592,Tail
2639,Tail
2661,Tail
2677,Tail
2681,Tail
2683,Tail
2685,Tail
2760,Tail
2798,Tail
2807,Tail
2816,Tail
2828,Tail
2845,Tail
2890,Tail
2947,Tail
2984,Tail
3047,Tail
3083,Tail
3090,Tail
3114,Tail
3171,Tail
3175,Tail
3242,Tail
3262,Tail
3313,Tail
3343,Tail
3368,Tail
3372,Tail
3375,Tail
3403,Tail
3409,Tail
3420,Tail
3481,Tail
3522,Tail
3556,Tail
3560,Tail
3575,Tail
3579,Tail
3604,Tail
3607,Tail
3755,Tail
3800,Tail
3845,Tail
3919,Tail
3920,Tail
3946,Tail
3963,Tail
4002,Tail
4010,Tail
4104,Tail
4113,Tail
4143,Tail
4150,Tail
4159,Tail
4228,Tail
4238,Tail
4279,Tail
4280,Tail
4281,Tail
4288,Tail
4298,Tail
4308,Tail
4316,Tail
4352,Tail
4360,Tail
4377,Tail
4380,Tail
4390,Tail
4394,Tail
4412,Tail
4415,Tail
4477,Tail
4501,Tail
4517,Tail
4575,Tail
4608,Tail
4649,Tail
4725,Tail
4732,Tail
4783,Tail
4798,Tail
4811,Tail
4816,Tail
4848,Tail
4890,Tail
5014,Tail
5037,Tail
5123,Tail
5131,Tail
5153,Tail
5182,Tail
5183,Tail
5193,Tail
5195,Tail
5197,Tail
5218,Tail
5226,Tail
5240,Tail
5274,Tail
5307,Tail
5320,Tail
5327,Tail
5418,Tail
5436,Tail
5445,Tail
5469,Tail
5521,Tail
5526,Tail
5530,Tail
5541,Tail
5581,Tail
5584,Tail
5608,Tail
5633,Tail
5638,Tail
5659,Tail
5720,Tail
5754,Tail
5807,Tail
5824,Tail
5836,Tail
5871,Tail
5978,Tail
5990,Tail
6011,Tail
6057,Tail
6074,Tail
6077,Tail
6082,Tail
6122,Tail
6123,Tail
6142,Tail
6168,Tail
6175,Tail
6211,Tail
6219,Tail
6232,Tail
6261,Tail
6288,Tail
6296,Tail
6325,Tail
6328,Tail
6329,Tail
6334,Tail
6346,Tail
6385,Tail
6387,Tail
6394,Tail
6403,Tail
6422,Tail
6496,Tail
6565,Tail
6575,Tail
6618,Tail
6659,Tail
6765,Tail
6778,Tail
6793,Tail
6797,Tail
6798,Tail
6799,Tail
6801,Tail
6811,Tail
6813,Tail
6814,Tail
6845,Tail
6859,Tail
6863,Tail
6885,Tail
6928,Tail
6936,Tail
6947,Tail
6949,Tail
7004,Tail
7059,Tail
7063,Tail
7085,Tail
7094,Tail
7132,Tail
7162,Tail
7170,Tail
7188,Tail
7200,Tail
7201,Tail
7208,Tail
7209,Tail
7213,Tail
7224,Tail
7236,Tail
7250,Tail
7262,Tail
7287,Tail
7306,Tail
7308,Tail
7321,Tail
7347,Tail
7379,Tail
7380,Tail
7397,Tail
7401,Tail
7444,Tail
7463,Tail
7470,Tail
7517,Tail
7567,Tail
7570,Tail
7602,Tail
7651,Tail
7674,Tail
7682,Tail
7698,Tail
7728,Tail
7734,Tail
7747,Tail
7751,Tail
7752,Tail
7858,Tail
7916,Tail
7975,Tail
7994,Tail
8019,Tail
8033,Tail
8039,Tail
8093,Tail
8107,Tail
8141,Tail
8146,Tail
8202,Tail
8207,Tail
8216,Tail
8220,Tail
8243,Tail
8298,Tail
8309,Tail
8318,Tail
8324,Tail
8328,Tail
8379,Tail
8407,Tail
8472,Tail
8545,Tail
8551,Tail
8553,Tail
8555,Tail
8589,Tail
8590,Tail
8591,Tail
8595,Tail
8598,Tail
8662,Tail
8687,Tail
8691,Tail
8717,Tail
8723,Tail
8750,Tail
8786,Tail
8802,Tail
8818,Tail
8848,Tail
8858,Tail
8860,Tail
8883,Tail
8914,Tail
8946,Tail
8971,Tail
9003,Tail
9013,Tail
9035,Tail
9045,Tail
9062,Tail
9146,Tail
9147,Tail
9174,Tail
9230,Tail
9232,Tail
9235,Tail
9408,Tail
9485,Tail
9496,Tail
9631,Tail
9661,Tail
9664,Tail
9742,Tail
9744,Tail
9746,Tail
9748,Tail
9749,Tail
9769,Tail
9778,Tail
9787,Tail
9818,Tail
9822,Tail
9843,Tail
9844,Tail
9858,Tail
9881,Tail
9883,Tail
9884,Tail
9885,Tail
9886,Tail
9895,Tail
9906,Tail
9909,Tail
9913,Tail
9915,Tail
9936,Tail
9964,Tail
9968,Tail
9980,Tail
9986,Tail
9995,Tail
10002,Tail
10074,Tail
10078,Tail
10083,Tail
10098,Tail
10122,Tail
10136,Tail
10142,Tail
10166,Tail
10168,Tail
10169,Tail
10182,Tail
10183,Tail
10198,Tail
10233,Tail
10234,Tail
10291,Tail
10296,Tail
10299,Tail
10446,Tail
10462,Tail
10481,Tail
10504,Tail
10521,Tail
10522,Tail
10532,Tail
10548,Tail
10549,Tail
10561,Tail
10562,Tail
10618,Tail
10644,Tail
10662,Tail
10683,Tail
10709,Tail
10731,Tail
10737,Tail
10739,Tail
10751,Tail
10777,Tail
10798,Tail
10825,Tail
10869,Tail
10889,Tail
10898,Tail
10901,Tail
10924,Tail
10945,Tail
11056,Tail
11065,Tail
11095,Tail
11108,Tail
11118,Tail
11161,Tail
11171,Tail
11211,Tail
11251,Tail
11254,Tail
11256,Tail
11271,Tail
11286,Tail
11311,Tail
11324,Tail
11326,Tail
11350,Tail
11366,Tail
11379,Tail
11392,Tail
11407,Tail
11432,Tail
11434,Tail
11441,Tail
11452,Tail
11455,Tail
11456,Tail
11492,Tail
11502,Tail
11504,Tail
11528,Tail
11529,Tail
11534,Tail
11639,Tail
11669,Tail
11751,Tail
11782,Tail
11866,Tail
11917,Tail
11940,Tail
11988,Tail
11995,Tail
12011,Tail
12016,Tail
12064,Tail
12106,Tail
12142,Tail
12159,Tail
12213,Tail
12227,Tail
12277,Tail
12291,Tail
12305,Tail
12322,Tail
12332,Tail
12337,Tail
12343,Tail
12357,Tail
12359,Tail
12369,Tail
12372,Tail
12449,Tail
12453,Tail
12462,Tail
12464,Tail
12488,Tail
12573,Tail
12585,Tail
12603,Tail
12667,Tail
12679,Tail
12720,Tail
12727,Tail
12753,Tail
12783,Tail
12784,Tail
12787,Tail
12811,Tail
12818,Tail
12848,Tail
12855,Tail
12907,Tail
12929,Tail
13024,Tail
13035,Tail
13061,Tail
13084,Tail
13118,Tail
13124,Tail
13207,Tail
13231,Tail
13245,Tail
13246,Tail
13257,Tail
13270,Tail
13273,Tail
13274,Tail
13278,Tail
13280,Tail
13354,Tail
13372,Tail
13507,Tail
13628,Tail
13718,Tail
13721,Tail
13729,Tail
13744,Tail
13767,Tail
13805,Tail
13833,Tail
13866,Tail
13891,Tail
13902,Tail
13910,Tail
13946,Tail
14028,Tail
14046,Tail
14047,Tail
14061,Tail
14091,Tail
14101,Tail
14195,Tail
14197,Tail
14198,Tail
14232,Tail
14253,Tail
14313,Tail
14361,Tail
14368,Tail
14456,Tail
14462,Tail
14465,Tail
14473,Tail
14525,Tail
14529,Tail
14648,Tail
14681,Tail
14686,Tail
14719,Tail
14726,Tail
14733,Tail
14794,Tail
14797,Tail
14808,Tail
14810,Tail
14821,Tail
14827,Tail
14834,Tail
14847,Tail
14860,Tail
14915,Tail
14938,Tail
14989,Tail
14996,Tail
15003,Tail
15084,Tail
15089,Tail
15114,Tail
15152,Tail
15154,Tail
15178,Tail
15201,Tail
15208,Tail
15210,Tail
15221,Tail
15255,Tail
15298,Tail
15377,Tail
15387,Tail
15394,Tail
15411,Tail
15463,Tail
15467,Tail
15473,Tail
15504,Tail
15554,Tail
15560,Tail
15638,Tail
15651,Tail
15676,Tail
15703,Tail
15806,Tail
15839,Tail
15892,Tail
15987,Tail
16124,Tail
16158,Tail
16214,Tail
16248,Tail
16273,Tail
16275,Tail
16297,Tail
16340,Tail
16390,Tail
16408,Tail
16451,Tail
16457,Tail
16516,Tail
16528,Tail
16534,Tail
16580,Tail
16586,Tail
16672,Tail
16685,Tail
16713,Tail
16734,Tail
16740,Tail
16744,Tail
16748,Tail
16861,Tail
16879,Tail
16886,Tail
16889,Tail
16890,Tail
16894,Tail
16903,Tail
16921,Tail
16927,Tail
16936,Tail
16978,Tail
17015,Tail
17048,Tail
17124,Tail
17193,Tail
17338,Tail
17352,Tail
17361,Tail
17380,Tail
17402,Tail
17445,Tail
17464,Tail
17591,Tail
17605,Tail
17615,Tail
17670,Tail
17868,Tail
17986,Tail
18017,Tail
18020,Tail
18035,Tail
18037,Tail
18109,Tail
18121,Tail
18130,Tail
18147,Tail
18149,Tail
18153,Tail
18161,Tail
18167,Tail
18169,Tail
18210,Tail
18259,Tail
18268,Tail
18273,Tail
18306,Tail
18308,Tail
18309,Tail
18391,Tail
18414,Tail
18432,Tail
18465,Tail
18477,Tail
18489,Tail
18561,Tail
18593,Tail
18595,Tail
18635,Tail
18678,Tail
18680,Tail
18682,Tail
18698,Tail
18700,Tail
18702,Tail
18708,Tail
18728,Tail
18733,Tail
18754,Tail
18764,Tail
18780,Tail
18794,Tail
18808,Tail
18871,Tail
18904,Tail
18943,Tail
18998,Tail
19014,Tail
19017,Tail
19028,Tail
19081,Tail
19100,Tail
19103,Tail
19120,Tail
19134,Tail
19179,Tail
19189,Tail
19232,Tail
19243,Tail
19256,Tail
19288,Tail
19311,Tail
19332,Tail
19342,Tail
19380,Tail
19392,Tail
19398,Tail
19495,Tail
19546,Tail
19555,Tail
19557,Tail
19694,Tail
19701,Tail
19730,Tail
19737,Tail
19756,Tail
19813,Tail
19837,Tail
19851,Tail
19877,Tail
19901,Tail
19920,Tail
19923,Tail
19965,Tail
19973,Tail
19977,Tail
20000,Tail
20035,Tail
20089,Tail
20117,Tail
20120,Tail
20177,Tail
20191,Tail
20225,Tail
20240,Tail
20255,Tail
20380,Tail
20387,Tail
20392,Tail
20415,Tail
20435,Tail
20478,Tail
20523,Tail
20533,Tail
20565,Tail
20573,Tail
20596,Tail
20679,Tail
20683,Tail
20699,Tail
20733,Tail
20748,Tail
20860,Tail
20903,Tail
20934,Tail
21082,Tail
21109,Tail
21123,Tail
21147,Tail
21148,Tail
21162,Tail
21178,Tail
21184,Tail
21198,Tail
21219,Tail
21308,Tail
21324,Tail
21343,Tail
21363,Tail
21382,Tail
21384,Tail
21394,Tail
21422,Tail
21469,Tail
21477,Tail
21481,Tail
21496,Tail
21526,Tail
21562,Tail
21574,Tail
21583,Tail
21600,Tail
21673,Tail
21687,Tail
21691,Tail
21743,Tail
21769,Tail
21773,Tail
21782,Tail
21904,Tail
21956,Tail
21966,Tail
21976,Tail
21991,Tail
2,Tail
51,Tail
76,Tail
95,Tail
105,Tail
134,Tail
167,Tail
171,Tail
204,Tail
206,Tail
230,Tail
237,Tail
253,Tail
264,Tail
276,Tail
297,Tail
299,Tail
303,Tail
356,Tail
384,Tail
425,Tail
506,Tail
527,Tail
528,Tail
552,Tail
555,Tail
576,Tail
613,Tail
669,Tail
686,Tail
689,Tail
700,Tail
727,Tail
729,Tail
751,Tail
798,Tail
799,Tail
804,Tail
816,Tail
819,Tail
905,Tail
911,Tail
922,Tail
924,Tail
925,Tail
928,Tail
973,Tail
985,Tail
994,Tail
1015,Tail
1020,Tail
1029,Tail
1054,Tail
1069,Tail
1075,Tail
1081,Tail
1083,Tail
1100,Tail
1143,Tail
1144,Tail
1155,Tail
1168,Tail
1212,Tail
1221,Tail
1232,Tail
1270,Tail
1274,Tail
1316,Tail
1320,Tail
1359,Tail
1427,Tail
1482,Tail
1489,Tail
1513,Tail
1533,Tail
1605,Tail
1634,Tail
1658,Tail
1706,Tail
1829,Tail
1879,Tail
1908,Tail
1915,Tail
2004,Tail
2006,Tail
2010,Tail
2013,Tail
2022,Tail
2067,Tail
2069,Tail
2083,Tail
2104,Tail
2173,Tail
2208,Tail
2243,Tail
2269,Tail
2295,Tail
2305,Tail
2326,Tail
2328,Tail
2335,Tail
2378,Tail
2430,Tail
2435,Tail
2486,Tail
2496,Tail
2506,Tail
2509,Tail
2522,Tail
2524,Tail
2525,Tail
2529,Tail
2547,Tail
2552,Tail
2570,Tail
2574,Tail
2604,Tail
2647,Tail
2663,Tail
2668,Tail
2669,Tail
2675,Tail
2688,Tail
2694,Tail
2705,Tail
2737,Tail
2741,Tail
2746,Tail
2754,Tail
2771,Tail
2795,Tail
2860,Tail
2892,Tail
2903,Tail
2920,Tail
2976,Tail
2981,Tail
3019,Tail
3147,Tail
3182,Tail
3222,Tail
3235,Tail
3243,Tail
3275,Tail
3277,Tail
3301,Tail
3348,Tail
3373,Tail
3405,Tail
3413,Tail
3426,Tail
3459,Tail
3470,Tail
3476,Tail
3488,Tail
3528,Tail
3533,Tail
3563,Tail
3565,Tail
3601,Tail
3833,Tail
3915,Tail
3928,Tail
3938,Tail
3960,Tail
3966,Tail
3980,Tail
3994,Tail
4068,Tail
4085,Tail
4091,Tail
4167,Tail
4248,Tail
4260,Tail
4289,Tail
4303,Tail
4309,Tail
4323,Tail
4324,Tail
4349,Tail
4362,Tail
4374,Tail
4385,Tail
4401,Tail
4476,Tail
4480,Tail
4481,Tail
4485,Tail
4499,Tail
4583,Tail
4592,Tail
4602,Tail
4605,Tail
4628,Tail
4668,Tail
4695,Tail
4701,Tail
4708,Tail
4738,Tail
4782,Tail
4784,Tail
4869,Tail
4927,Tail
4944,Tail
4950,Tail
5038,Tail
5104,Tail
5124,Tail
5128,Tail
5144,Tail
5152,Tail
5188,Tail
5189,Tail
5191,Tail
5203,Tail
5207,Tail
5209,Tail
5215,Tail
5233,Tail
5245,Tail
5259,Tail
5271,Tail
5280,Tail
5375,Tail
5400,Tail
5401,Tail
5449,Tail
5474,Tail
5488,Tail
5504,Tail
5506,Tail
5510,Tail
5531,Tail
5540,Tail
5674,Tail
5724,Tail
5767,Tail
5818,Tail
5825,Tail
5869,Tail
5874,Tail
5954,Tail
5966,Tail
5968,Tail
6019,Tail
6040,Tail
6067,Tail
6073,Tail
6075,Tail
6118,Tail
6154,Tail
6196,Tail
6209,Tail
6226,Tail
6231,Tail
6280,Tail
6281,Tail
6297,Tail
6298,Tail
6303,Tail
6306,Tail
6312,Tail
6322,Tail
6332,Tail
6333,Tail
6338,Tail
6347,Tail
6370,Tail
6388,Tail
6389,Tail
6391,Tail
6392,Tail
6399,Tail
6420,Tail
6438,Tail
6448,Tail
6462,Tail
6480,Tail
6486,Tail
6489,Tail
6519,Tail
6558,Tail
6559,Tail
6574,Tail
6601,Tail
6606,Tail
6610,Tail
6688,Tail
6747,Tail
6748,Tail
6751,Tail
6767,Tail
6768,Tail
6771,Tail
6780,Tail
6782,Tail
6796,Tail
6823,Tail
6873,Tail
6875,Tail
6922,Tail
6926,Tail
6967,Tail
6982,Tail
6998,Tail
7016,Tail
7078,Tail
7115,Tail
7117,Tail
7118,Tail
7134,Tail
7147,Tail
7149,Tail
7150,Tail
7153,Tail
7189,Tail
7233,Tail
7243,Tail
7249,Tail
7252,Tail
7258,Tail
7296,Tail
7341,Tail
7357,Tail
7358,Tail
7368,Tail
7391,Tail
7392,Tail
7417,Tail
7462,Tail
7465,Tail
7466,Tail
7467,Tail
7551,Tail
7555,Tail
7619,Tail
7672,Tail
7675,Tail
7679,Tail
7727,Tail
7756,Tail
7763,Tail
7777,Tail
7796,Tail
7813,Tail
7835,Tail
7839,Tail
7843,Tail
7891,Tail
7893,Tail
7948,Tail
7959,Tail
7995,Tail
8040,Tail
8055,Tail
8112,Tail
8113,Tail
8186,Tail
8201,Tail
8204,Tail
8224,Tail
8275,Tail
8341,Tail
8408,Tail
8436,Tail
8482,Tail
8525,Tail
8543,Tail
8546,Tail
8556,Tail
8604,Tail
8660,Tail
8734,Tail
8789,Tail
8823,Tail
8850,Tail
8854,Tail
8866,Tail
9005,Tail
9074,Tail
9124,Tail
9142,Tail
9148,Tail
9152,Tail
9304,Tail
9347,Tail
9374,Tail
9471,Tail
9475,Tail
9505,Tail
9540,Tail
9542,Tail
9609,Tail
9614,Tail
9617,Tail
9629,Tail
9630,Tail
9637,Tail
9666,Tail
9764,Tail
9773,Tail
9790,Tail
9814,Tail
9823,Tail
9833,Tail
9866,Tail
9869,Tail
9872,Tail
9894,Tail
9905,Tail
9934,Tail
9935,Tail
9947,Tail
9948,Tail
9949,Tail
9961,Tail
9963,Tail
9965,Tail
9966,Tail
9971,Tail
9972,Tail
9974,Tail
9975,Tail
9983,Tail
10037,Tail
10092,Tail
10104,Tail
10109,Tail
10124,Tail
10134,Tail
10137,Tail
10139,Tail
10143,Tail
10145,Tail
10148,Tail
10154,Tail
10156,Tail
10167,Tail
10170,Tail
10180,Tail
10227,Tail
10267,Tail
10286,Tail
10300,Tail
10307,Tail
10321,Tail
10360,Tail
10361,Tail
10363,Tail
10387,Tail
10391,Tail
10418,Tail
10456,Tail
10483,Tail
10484,Tail
10490,Tail
10492,Tail
10593,Tail
10600,Tail
10607,Tail
10626,Tail
10643,Tail
10708,Tail
10766,Tail
10773,Tail
10775,Tail
10776,Tail
10826,Tail
10831,Tail
10841,Tail
10895,Tail
10928,Tail
10951,Tail
11002,Tail
11019,Tail
11023,Tail
11036,Tail
11064,Tail
11079,Tail
11080,Tail
11113,Tail
11129,Tail
11136,Tail
11176,Tail
11205,Tail
11222,Tail
11269,Tail
11307,Tail
11316,Tail
11328,Tail
11332,Tail
11367,Tail
11375,Tail
11376,Tail
11378,Tail
11430,Tail
11438,Tail
11468,Tail
11491,Tail
11524,Tail
11607,Tail
11655,Tail
11662,Tail
11706,Tail
11765,Tail
11794,Tail
11822,Tail
11824,Tail
11829,Tail
11878,Tail
11943,Tail
11944,Tail
11976,Tail
12021,Tail
12037,Tail
12069,Tail
12078,Tail
12148,Tail
12151,Tail
12182,Tail
12183,Tail
12237,Tail
12250,Tail
12252,Tail
12334,Tail
12344,Tail
12450,Tail
12484,Tail
12489,Tail
12509,Tail
12584,Tail
12601,Tail
12606,Tail
12613,Tail
12644,Tail
12689,Tail
12719,Tail
12721,Tail
12746,Tail
12764,Tail
12766,Tail
12816,Tail
12870,Tail
12932,Tail
12965,Tail
12971,Tail
12983,Tail
12984,Tail
13037,Tail
13079,Tail
13178,Tail
13198,Tail
13237,Tail
13238,Tail
13241,Tail
13265,Tail
13276,Tail
13291,Tail
13294,Tail
13296,Tail
13297,Tail
13321,Tail
13398,Tail
13459,Tail
13465,Tail
13541,Tail
13667,Tail
13715,Tail
13734,Tail
13739,Tail
13754,Tail
13756,Tail
13761,Tail
13768,Tail
13771,Tail
13807,Tail
13844,Tail
13854,Tail
13874,Tail
13906,Tail
13940,Tail
13979,Tail
14032,Tail
14098,Tail
14149,Tail
14177,Tail
14188,Tail
14205,Tail
14207,Tail
14209,Tail
14213,Tail
14241,Tail
14260,Tail
14267,Tail
14294,Tail
14314,Tail
14359,Tail
14386,Tail
14455,Tail
14467,Tail
14495,Tail
14512,Tail
14543,Tail
14551,Tail
14620,Tail
14621,Tail
14638,Tail
14639,Tail
14640,Tail
14642,Tail
14685,Tail
14689,Tail
14789,Tail
14790,Tail
14791,Tail
14795,Tail
14800,Tail
14813,Tail
14824,Tail
14825,Tail
14826,Tail
14829,Tail
14832,Tail
14841,Tail
14849,Tail
14858,Tail
14862,Tail
14883,Tail
14948,Tail
14982,Tail
14984,Tail
14985,Tail
14991,Tail
15000,Tail
15002,Tail
15132,Tail
15133,Tail
15166,Tail
15173,Tail
15190,Tail
15197,Tail
15234,Tail
15247,Tail
15343,Tail
15383,Tail
15415,Tail
15448,Tail
15476,Tail
15478,Tail
15481,Tail
15483,Tail
15506,Tail
15531,Tail
15532,Tail
15556,Tail
15748,Tail
15771,Tail
15772,Tail
15775,Tail
15809,Tail
15823,Tail
15879,Tail
15895,Tail
15903,Tail
15941,Tail
15964,Tail
16019,Tail
16064,Tail
16102,Tail
16126,Tail
16240,Tail
16268,Tail
16274,Tail
16287,Tail
16305,Tail
16334,Tail
16348,Tail
16416,Tail
16424,Tail
16432,Tail
16468,Tail
16519,Tail
16533,Tail
16548,Tail
16551,Tail
16552,Tail
16562,Tail
16601,Tail
16656,Tail
16703,Tail
16739,Tail
16763,Tail
16784,Tail
16852,Tail
16855,Tail
16858,Tail
16871,Tail
16876,Tail
16892,Tail
16893,Tail
16917,Tail
16938,Tail
17057,Tail
17128,Tail
17186,Tail
17267,Tail
17271,Tail
17363,Tail
17401,Tail
17403,Tail
17502,Tail
17513,Tail
17549,Tail
17552,Tail
17661,Tail
17672,Tail
17692,Tail
17742,Tail
17774,Tail
17998,Tail
17999,Tail
18036,Tail
18052,Tail
18119,Tail
18123,Tail
18128,Tail
18131,Tail
18137,Tail
18141,Tail
18143,Tail
18145,Tail
18148,Tail
18150,Tail
18155,Tail
18156,Tail
18162,Tail
18163,Tail
18174,Tail
18178,Tail
18204,Tail
18219,Tail
18228,Tail
18266,Tail
18392,Tail
18460,Tail
18471,Tail
18480,Tail
18540,Tail
18572,Tail
18587,Tail
18599,Tail
18603,Tail
18627,Tail
18630,Tail
18637,Tail
18669,Tail
18675,Tail
18676,Tail
18693,Tail
18710,Tail
18777,Tail
18867,Tail
18919,Tail
18956,Tail
18958,Tail
18988,Tail
19068,Tail
19075,Tail
19083,Tail
19119,Tail
19140,Tail
19143,Tail
19181,Tail
19182,Tail
19194,Tail
19198,Tail
19199,Tail
19209,Tail
19216,Tail
19273,Tail
19275,Tail
19327,Tail
19388,Tail
19389,Tail
19442,Tail
19450,Tail
19499,Tail
19502,Tail
19551,Tail
19558,Tail
19575,Tail
19601,Tail
19612,Tail
19615,Tail
19676,Tail
19685,Tail
19691,Tail
19746,Tail
19754,Tail
19755,Tail
19757,Tail
20007,Tail
20012,Tail
20028,Tail
20076,Tail
20078,Tail
20079,Tail
20083,Tail
20087,Tail
20106,Tail
20107,Tail
20144,Tail
20159,Tail
20219,Tail
20286,Tail
20301,Tail
20307,Tail
20411,Tail
20446,Tail
20504,Tail
20535,Tail
20552,Tail
20574,Tail
20697,Tail
20704,Tail
20705,Tail
20755,Tail
20767,Tail
20789,Tail
20947,Tail
20962,Tail
21026,Tail
21056,Tail
21220,Tail
21310,Tail
21315,Tail
21321,Tail
21332,Tail
21350,Tail
21354,Tail
21380,Tail
21381,Tail
21390,Tail
21412,Tail
21424,Tail
21437,Tail
21444,Tail
21453,Tail
21472,Tail
21475,Tail
21476,Tail
21497,Tail
21530,Tail
21550,Tail
21557,Tail
21630,Tail
21682,Tail
21694,Tail
21703,Tail
21719,Tail
21737,Tail
21760,Tail
21781,Tail
21823,Tail
21941,Tail
21942,Tail
21954,Tail
21959,Tail
21972,Tail
21974,Tail
21986,Tail
22004,Tail
22005,Tail
22,Tail
36,Tail
94,Tail
133,Tail
225,Tail
239,Tail
259,Tail
279,Tail
283,Tail
294,Tail
334,Tail
336,Tail
350,Tail
464,Tail
477,Tail
485,Tail
488,Tail
507,Tail
525,Tail
660,Tail
674,Tail
688,Tail
695,Tail
730,Tail
769,Tail
778,Tail
782,Tail
802,Tail
813,Tail
821,Tail
881,Tail
921,Tail
926,Tail
1011,Tail
1052,Tail
1068,Tail
1071,Tail
1072,Tail
1073,Tail
1133,Tail
1233,Tail
1256,Tail
1277,Tail
1280,Tail
1294,Tail
1353,Tail
1373,Tail
1383,Tail
1445,Tail
1451,Tail
1510,Tail
1603,Tail
1610,Tail
1757,Tail
1784,Tail
1820,Tail
1845,Tail
1873,Tail
1877,Tail
1927,Tail
1986,Tail
2024,Tail
2030,Tail
2048,Tail
2085,Tail
2088,Tail
2102,Tail
2122,Tail
2127,Tail
2212,Tail
2238,Tail
2331,Tail
2332,Tail
2348,Tail
2351,Tail
2424,Tail
2432,Tail
2482,Tail
2519,Tail
2536,Tail
2602,Tail
2606,Tail
2609,Tail
2722,Tail
2766,Tail
2787,Tail
2788,Tail
2836,Tail
2913,Tail
2970,Tail
3016,Tail
3025,Tail
3074,Tail
3107,Tail
3124,Tail
3144,Tail
3153,Tail
3169,Tail
3170,Tail
3177,Tail
3234,Tail
3257,Tail
3264,Tail
3278,Tail
3288,Tail
3291,Tail
3297,Tail
3316,Tail
3344,Tail
3354,Tail
3374,Tail
3385,Tail
3462,Tail
3463,Tail
3513,Tail
3558,Tail
3559,Tail
3561,Tail
3605,Tail
3649,Tail
3663,Tail
3690,Tail
3699,Tail
3742,Tail
3776,Tail
3842,Tail
3857,Tail
3987,Tail
4009,Tail
4039,Tail
4043,Tail
4046,Tail
4064,Tail
4067,Tail
4181,Tail
4255,Tail
4259,Tail
4271,Tail
4286,Tail
4292,Tail
4296,Tail
4319,Tail
4320,Tail
4321,Tail
4329,Tail
4330,Tail
4331,Tail
4335,Tail
4338,Tail
4366,Tail
4389,Tail
4393,Tail
4411,Tail
4475,Tail
4479,Tail
4568,Tail
4622,Tail
4671,Tail
4710,Tail
4726,Tail
4770,Tail
4778,Tail
4836,Tail
4912,Tail
4913,Tail
4915,Tail
4933,Tail
4946,Tail
4965,Tail
4968,Tail
5019,Tail
5048,Tail
5080,Tail
5120,Tail
5127,Tail
5141,Tail
5143,Tail
5147,Tail
5179,Tail
5180,Tail
5186,Tail
5217,Tail
5222,Tail
5223,Tail
5231,Tail
5236,Tail
5242,Tail
5249,Tail
5251,Tail
5255,Tail
5257,Tail
5262,Tail
5279,Tail
5325,Tail
5369,Tail
5371,Tail
5380,Tail
5413,Tail
5417,Tail
5439,Tail
5451,Tail
5486,Tail
5493,Tail
5599,Tail
5634,Tail
5693,Tail
5766,Tail
5776,Tail
5783,Tail
5823,Tail
5829,Tail
5859,Tail
5899,Tail
5916,Tail
5937,Tail
5942,Tail
5964,Tail
6013,Tail
6088,Tail
6099,Tail
6103,Tail
6105,Tail
6116,Tail
6140,Tail
6170,Tail
6186,Tail
6198,Tail
6218,Tail
6253,Tail
6259,Tail
6285,Tail
6308,Tail
6309,Tail
6310,Tail
6311,Tail
6313,Tail
6314,Tail
6315,Tail
6319,Tail
6321,Tail
6323,Tail
6344,Tail
6348,Tail
6350,Tail
6383,Tail
6386,Tail
6397,Tail
6401,Tail
6432,Tail
6442,Tail
6444,Tail
6449,Tail
6458,Tail
6476,Tail
6493,Tail
6537,Tail
6550,Tail
6555,Tail
6564,Tail
6612,Tail
6673,Tail
6729,Tail
6740,Tail
6775,Tail
6776,Tail
6777,Tail
6787,Tail
6807,Tail
6824,Tail
6825,Tail
6827,Tail
6831,Tail
6911,Tail
6925,Tail
6999,Tail
7009,Tail
7022,Tail
7029,Tail
7033,Tail
7034,Tail
7045,Tail
7051,Tail
7068,Tail
7082,Tail
7092,Tail
7108,Tail
7144,Tail
7159,Tail
7198,Tail
7214,Tail
7215,Tail
7226,Tail
7237,Tail
7246,Tail
7255,Tail
7257,Tail
7295,Tail
7317,Tail
7336,Tail
7407,Tail
7450,Tail
7456,Tail
7513,Tail
7623,Tail
7710,Tail
7719,Tail
7723,Tail
7743,Tail
7753,Tail
7757,Tail
7782,Tail
7810,Tail
7820,Tail
7861,Tail
7931,Tail
7965,Tail
7966,Tail
7984,Tail
7988,Tail
8038,Tail
8041,Tail
8045,Tail
8047,Tail
8058,Tail
8099,Tail
8109,Tail
8110,Tail
8137,Tail
8158,Tail
8159,Tail
8160,Tail
8165,Tail
8206,Tail
8301,Tail
8330,Tail
8339,Tail
8390,Tail
8409,Tail
8427,Tail
8503,Tail
8518,Tail
8521,Tail
8542,Tail
8566,Tail
8569,Tail
8592,Tail
8593,Tail
8594,Tail
8603,Tail
8651,Tail
8671,Tail
8710,Tail
8757,Tail
8900,Tail
8935,Tail
9009,Tail
9016,Tail
9036,Tail
9037,Tail
9075,Tail
9166,Tail
9218,Tail
9261,Tail
9313,Tail
9567,Tail
9610,Tail
9620,Tail
9665,Tail
9674,Tail
9679,Tail
9699,Tail
9707,Tail
9708,Tail
9709,Tail
9729,Tail
9750,Tail
9771,Tail
9772,Tail
9777,Tail
9779,Tail
9826,Tail
9841,Tail
9848,Tail
9867,Tail
9868,Tail
9891,Tail
9892,Tail
9920,Tail
9926,Tail
9930,Tail
9951,Tail
9960,Tail
9976,Tail
9982,Tail
9988,Tail
9991,Tail
10003,Tail
10006,Tail
10012,Tail
10030,Tail
10031,Tail
10094,Tail
10110,Tail
10138,Tail
10144,Tail
10150,Tail
10157,Tail
10158,Tail
10161,Tail
10171,Tail
10178,Tail
10246,Tail
10281,Tail
10468,Tail
10477,Tail
10502,Tail
10530,Tail
10537,Tail
10545,Tail
10599,Tail
10652,Tail
10699,Tail
10702,Tail
10735,Tail
10755,Tail
10772,Tail
10783,Tail
10814,Tail
10820,Tail
10870,Tail
10950,Tail
10959,Tail
10962,Tail
10979,Tail
11038,Tail
11179,Tail
11190,Tail
11191,Tail
11197,Tail
11207,Tail
11216,Tail
11226,Tail
11233,Tail
11235,Tail
11310,Tail
11317,Tail
11325,Tail
11349,Tail
11361,Tail
11400,Tail
11408,Tail
11429,Tail
11442,Tail
11522,Tail
11523,Tail
11525,Tail
11526,Tail
11530,Tail
11572,Tail
11583,Tail
11654,Tail
11668,Tail
11683,Tail
11707,Tail
11709,Tail
11724,Tail
11781,Tail
11797,Tail
11840,Tail
11841,Tail
11948,Tail
12039,Tail
12107,Tail
12110,Tail
12116,Tail
12117,Tail
12164,Tail
12174,Tail
12263,Tail
12445,Tail
12448,Tail
12454,Tail
12469,Tail
12498,Tail
12535,Tail
12607,Tail
12635,Tail
12673,Tail
12692,Tail
12704,Tail
12730,Tail
12750,Tail
12767,Tail
12778,Tail
12835,Tail
12842,Tail
12919,Tail
12949,Tail
13076,Tail
13098,Tail
13099,Tail
13123,Tail
13249,Tail
13268,Tail
13295,Tail
13395,Tail
13463,Tail
13540,Tail
13544,Tail
13545,Tail
13601,Tail
13650,Tail
13709,Tail
13730,Tail
13749,Tail
13755,Tail
13804,Tail
13887,Tail
13899,Tail
14033,Tail
14050,Tail
14053,Tail
14092,Tail
14132,Tail
14138,Tail
14151,Tail
14164,Tail
14243,Tail
14269,Tail
14390,Tail
14397,Tail
14438,Tail
14446,Tail
14461,Tail
14496,Tail
14548,Tail
14574,Tail
14630,Tail
14631,Tail
14637,Tail
14651,Tail
14667,Tail
14728,Tail
14755,Tail
14781,Tail
14788,Tail
14792,Tail
14809,Tail
14814,Tail
14819,Tail
14820,Tail
14831,Tail
14833,Tail
14835,Tail
14837,Tail
14842,Tail
14844,Tail
14848,Tail
14851,Tail
14854,Tail
14856,Tail
14865,Tail
14866,Tail
14939,Tail
14981,Tail
14988,Tail
15116,Tail
15122,Tail
15144,Tail
15307,Tail
15380,Tail
15401,Tail
15455,Tail
15482,Tail
15505,Tail
15510,Tail
15530,Tail
15587,Tail
15633,Tail
15639,Tail
15641,Tail
15668,Tail
15687,Tail
15713,Tail
15718,Tail
15731,Tail
15733,Tail
15805,Tail
15820,Tail
15824,Tail
15896,Tail
15913,Tail
15951,Tail
15983,Tail
15997,Tail
16013,Tail
16014,Tail
16052,Tail
16075,Tail
16079,Tail
16125,Tail
16127,Tail
16195,Tail
16234,Tail
16277,Tail
16302,Tail
16331,Tail
16395,Tail
16437,Tail
16458,Tail
16498,Tail
16571,Tail
16578,Tail
16584,Tail
16622,Tail
16643,Tail
16661,Tail
16712,Tail
16715,Tail
16731,Tail
16746,Tail
16750,Tail
16759,Tail
16776,Tail
16797,Tail
16804,Tail
16815,Tail
16840,Tail
16842,Tail
16846,Tail
16853,Tail
16856,Tail
16865,Tail
16867,Tail
16880,Tail
16887,Tail
16912,Tail
16913,Tail
16923,Tail
16930,Tail
16970,Tail
16979,Tail
17013,Tail
17072,Tail
17074,Tail
17089,Tail
17188,Tail
17272,Tail
17279,Tail
17300,Tail
17318,Tail
17319,Tail
17456,Tail
17547,Tail
17560,Tail
17599,Tail
17626,Tail
17640,Tail
17642,Tail
17648,Tail
17652,Tail
17686,Tail
17687,Tail
17688,Tail
17695,Tail
17701,Tail
17707,Tail
17793,Tail
17831,Tail
17883,Tail
17950,Tail
17967,Tail
17975,Tail
17987,Tail
17989,Tail
17996,Tail
18024,Tail
18034,Tail
18095,Tail
18120,Tail
18124,Tail
18125,Tail
18126,Tail
18127,Tail
18132,Tail
18133,Tail
18134,Tail
18138,Tail
18139,Tail
18140,Tail
18144,Tail
18159,Tail
18164,Tail
18168,Tail
18171,Tail
18172,Tail
18176,Tail
18191,Tail
18209,Tail
18290,Tail
18311,Tail
18366,Tail
18377,Tail
18408,Tail
18424,Tail
18431,Tail
18433,Tail
18581,Tail
18590,Tail
18605,Tail
18662,Tail
18668,Tail
18670,Tail
18679,Tail
18692,Tail
18781,Tail
18813,Tail
18814,Tail
18969,Tail
18984,Tail
19025,Tail
19048,Tail
19052,Tail
19104,Tail
19132,Tail
19164,Tail
19188,Tail
19225,Tail
19253,Tail
19377,Tail
19393,Tail
19421,Tail
19460,Tail
19503,Tail
19613,Tail
19637,Tail
19669,Tail
19723,Tail
19748,Tail
19916,Tail
20002,Tail
20026,Tail
20032,Tail
20085,Tail
20113,Tail
20133,Tail
20143,Tail
20160,Tail
20204,Tail
20257,Tail
20261,Tail
20269,Tail
20270,Tail
20293,Tail
20298,Tail
20305,Tail
20324,Tail
20473,Tail
20476,Tail
20487,Tail
20540,Tail
20558,Tail
20597,Tail
20612,Tail
20651,Tail
20686,Tail
20706,Tail
20707,Tail
20736,Tail
20813,Tail
20826,Tail
20862,Tail
20908,Tail
20960,Tail
21120,Tail
21236,Tail
21307,Tail
21311,Tail
21322,Tail
21339,Tail
21344,Tail
21346,Tail
21389,Tail
21427,Tail
21443,Tail
21470,Tail
21473,Tail
21474,Tail
21490,Tail
21532,Tail
21620,Tail
21621,Tail
21632,Tail
21635,Tail
21680,Tail
21683,Tail
21684,Tail
21689,Tail
21692,Tail
21693,Tail
21704,Tail
21774,Tail
21779,Tail
21795,Tail
21844,Tail
21854,Tail
21886,Tail
21892,Tail
21913,Tail
21924,Tail
21926,Tail
21944,Tail
21945,Tail
21967,Tail
21973,Tail
21992,Tail
22031,Tail
22033,Tail
